INFO:  Loaded 3 plugins
INFO:  JVM info: Oracle Corporation - 21.0.12 - 21.0.12+7-LTS-205
INFO:  Scanning classes from Java runtime current
INFO:  Scanning classes from module java.base@21.0.12
INFO:  Scanning classes from module java.compiler@21.0.12
INFO:  Scanning classes from module java.datatransfer@21.0.12
INFO:  Scanning classes from module java.desktop@21.0.12
INFO:  Scanning classes from module java.instrument@21.0.12
INFO:  Scanning classes from module java.logging@21.0.12
INFO:  Scanning classes from module java.management@21.0.12
INFO:  Scanning classes from module java.management.rmi@21.0.12
INFO:  Scanning classes from module java.naming@21.0.12
INFO:  Scanning classes from module java.net.http@21.0.12
INFO:  Scanning classes from module java.prefs@21.0.12
INFO:  Scanning classes from module java.rmi@21.0.12
INFO:  Scanning classes from module java.scripting@21.0.12
INFO:  Scanning classes from module java.se@21.0.12
INFO:  Scanning classes from module java.security.jgss@21.0.12
INFO:  Scanning classes from module java.security.sasl@21.0.12
INFO:  Scanning classes from module java.smartcardio@21.0.12
INFO:  Scanning classes from module java.sql@21.0.12
INFO:  Scanning classes from module java.sql.rowset@21.0.12
INFO:  Scanning classes from module java.transaction.xa@21.0.12
INFO:  Scanning classes from module java.xml@21.0.12
INFO:  Scanning classes from module java.xml.crypto@21.0.12
INFO:  Scanning classes from module jdk.accessibility@21.0.12
INFO:  Scanning classes from module jdk.attach@21.0.12
INFO:  Scanning classes from module jdk.charsets@21.0.12
INFO:  Scanning classes from module jdk.compiler@21.0.12
INFO:  Scanning classes from module jdk.crypto.cryptoki@21.0.12
INFO:  Scanning classes from module jdk.crypto.ec@21.0.12
INFO:  Scanning classes from module jdk.crypto.mscapi@21.0.12
INFO:  Scanning classes from module jdk.dynalink@21.0.12
INFO:  Scanning classes from module jdk.editpad@21.0.12
INFO:  Scanning classes from module jdk.hotspot.agent@21.0.12
INFO:  Scanning classes from module jdk.httpserver@21.0.12
INFO:  Scanning classes from module jdk.incubator.vector@21.0.12
INFO:  Scanning classes from module jdk.internal.ed@21.0.12
INFO:  Scanning classes from module jdk.internal.jvmstat@21.0.12
INFO:  Scanning classes from module jdk.internal.le@21.0.12
INFO:  Scanning classes from module jdk.internal.opt@21.0.12
INFO:  Scanning classes from module jdk.internal.vm.ci@21.0.12
INFO:  Scanning classes from module jdk.internal.vm.compiler@21.0.12
INFO:  Scanning classes from module jdk.internal.vm.compiler.management@21.0.12
INFO:  Scanning classes from module jdk.jartool@21.0.12
INFO:  Scanning classes from module jdk.javadoc@21.0.12
INFO:  Scanning classes from module jdk.jcmd@21.0.12
INFO:  Scanning classes from module jdk.jconsole@21.0.12
INFO:  Scanning classes from module jdk.jdeps@21.0.12
INFO:  Scanning classes from module jdk.jdi@21.0.12
INFO:  Scanning classes from module jdk.jdwp.agent@21.0.12
INFO:  Scanning classes from module jdk.jfr@21.0.12
INFO:  Scanning classes from module jdk.jlink@21.0.12
INFO:  Scanning classes from module jdk.jpackage@21.0.12
INFO:  Scanning classes from module jdk.jshell@21.0.12
INFO:  Scanning classes from module jdk.jsobject@21.0.12
INFO:  Scanning classes from module jdk.jstatd@21.0.12
INFO:  Scanning classes from module jdk.localedata@21.0.12
INFO:  Scanning classes from module jdk.management@21.0.12
INFO:  Scanning classes from module jdk.management.agent@21.0.12
INFO:  Scanning classes from module jdk.management.jfr@21.0.12
INFO:  Scanning classes from module jdk.naming.dns@21.0.12
INFO:  Scanning classes from module jdk.naming.rmi@21.0.12
INFO:  Scanning classes from module jdk.net@21.0.12
INFO:  Scanning classes from module jdk.nio.mapmode@21.0.12
INFO:  Scanning classes from module jdk.random@21.0.12
INFO:  Scanning classes from module jdk.sctp@21.0.12
INFO:  Scanning classes from module jdk.security.auth@21.0.12
INFO:  Scanning classes from module jdk.security.jgss@21.0.12
INFO:  Scanning classes from module jdk.unsupported@21.0.12
INFO:  Scanning classes from module jdk.unsupported.desktop@21.0.12
INFO:  Scanning classes from module jdk.xml.dom@21.0.12
INFO:  Scanning classes from module jdk.zipfs@21.0.12
INFO:  Scanning classes from archive D:\Project\Heart\Heartbound-Port\analysis\tools\minecraft-named.jar
INFO:  Scanning classes from archive C:\Users\Herta\.gradle\caches\modules-2\files-2.1\software.bernie.geckolib\geckolib-fabric-1.21.1\4.9.2\b95b1d631baeada54c6773ca8f6ede40d57fea46\geckolib-fabric-1.21.1-4.9.2.jar
INFO:  Scanning classes from archive C:\Users\Herta\.gradle\caches\modules-2\files-2.1\maven.modrinth\smartbrainlib\1.16.11\3fb714d6ab54b88b32271825395660999fa0178f\smartbrainlib-1.16.11.jar
INFO:  Scanning classes from archive C:\Users\Herta\.gradle\caches\modules-2\files-2.1\maven.modrinth\cloth-config\15.0.140+fabric\5d82342a2df53fd6df712bfdd583a811572918a4\cloth-config-15.0.140+fabric.jar
INFO:  Scanning classes from archive C:\Users\Herta\.gradle\caches\modules-2\files-2.1\vazkii.patchouli\Patchouli\1.21.1-93-FABRIC\693eb5235ccbcef67569bd62d6c5dd34c4d73459\Patchouli-1.21.1-93-FABRIC.jar
INFO:  Scanning classes from archive C:\Users\Herta\.gradle\caches\modules-2\files-2.1\mezz.jei\jei-1.21.1-fabric\19.43.0.393\34c15afc8c45fdeba3b034e7cae8f14f9fe2426c\jei-1.21.1-fabric-19.43.0.393.jar
INFO:  Scanning classes from archive C:\Users\Herta\.gradle\caches\modules-2\files-2.1\com.terraformersmc\modmenu\11.0.0\d2b353f3f491ce8029f33cc17b69d80bb465842d\modmenu-11.0.0.jar
INFO:  Scanning classes from archive D:\Project\Heart\Heartbound-Port\analysis\tools\fabric-modules\fabric-api-base-0.116.15.jar
INFO:  Scanning classes from archive D:\Project\Heart\Heartbound-Port\analysis\tools\fabric-modules\fabric-api-lookup-api-v1-0.116.15.jar
INFO:  Scanning classes from archive D:\Project\Heart\Heartbound-Port\analysis\tools\fabric-modules\fabric-biome-api-v1-0.116.15.jar
INFO:  Scanning classes from archive D:\Project\Heart\Heartbound-Port\analysis\tools\fabric-modules\fabric-block-api-v1-0.116.15.jar
INFO:  Scanning classes from archive D:\Project\Heart\Heartbound-Port\analysis\tools\fabric-modules\fabric-blockrenderlayer-v1-0.116.15.jar
INFO:  Scanning classes from archive D:\Project\Heart\Heartbound-Port\analysis\tools\fabric-modules\fabric-block-view-api-v2-0.116.15.jar
INFO:  Scanning classes from archive D:\Project\Heart\Heartbound-Port\analysis\tools\fabric-modules\fabric-client-tags-api-v1-0.116.15.jar
INFO:  Scanning classes from archive D:\Project\Heart\Heartbound-Port\analysis\tools\fabric-modules\fabric-command-api-v1-0.116.15.jar
INFO:  Scanning classes from archive D:\Project\Heart\Heartbound-Port\analysis\tools\fabric-modules\fabric-command-api-v2-0.116.15.jar
INFO:  Scanning classes from archive D:\Project\Heart\Heartbound-Port\analysis\tools\fabric-modules\fabric-commands-v0-0.116.15.jar
INFO:  Scanning classes from archive D:\Project\Heart\Heartbound-Port\analysis\tools\fabric-modules\fabric-content-registries-v0-0.116.15.jar
INFO:  Scanning classes from archive D:\Project\Heart\Heartbound-Port\analysis\tools\fabric-modules\fabric-convention-tags-v1-0.116.15.jar
INFO:  Scanning classes from archive D:\Project\Heart\Heartbound-Port\analysis\tools\fabric-modules\fabric-convention-tags-v2-0.116.15.jar
INFO:  Scanning classes from archive D:\Project\Heart\Heartbound-Port\analysis\tools\fabric-modules\fabric-crash-report-info-v1-0.116.15.jar
INFO:  Scanning classes from archive D:\Project\Heart\Heartbound-Port\analysis\tools\fabric-modules\fabric-data-attachment-api-v1-0.116.15.jar
INFO:  Scanning classes from archive D:\Project\Heart\Heartbound-Port\analysis\tools\fabric-modules\fabric-data-generation-api-v1-0.116.15.jar
INFO:  Scanning classes from archive D:\Project\Heart\Heartbound-Port\analysis\tools\fabric-modules\fabric-dimensions-v1-0.116.15.jar
INFO:  Scanning classes from archive D:\Project\Heart\Heartbound-Port\analysis\tools\fabric-modules\fabric-entity-events-v1-0.116.15.jar
INFO:  Scanning classes from archive D:\Project\Heart\Heartbound-Port\analysis\tools\fabric-modules\fabric-events-interaction-v0-0.116.15.jar
INFO:  Scanning classes from archive D:\Project\Heart\Heartbound-Port\analysis\tools\fabric-modules\fabric-game-rule-api-v1-0.116.15.jar
INFO:  Scanning classes from archive D:\Project\Heart\Heartbound-Port\analysis\tools\fabric-modules\fabric-item-api-v1-0.116.15.jar
INFO:  Scanning classes from archive D:\Project\Heart\Heartbound-Port\analysis\tools\fabric-modules\fabric-item-group-api-v1-0.116.15.jar
INFO:  Scanning classes from archive D:\Project\Heart\Heartbound-Port\analysis\tools\fabric-modules\fabric-key-binding-api-v1-0.116.15.jar
INFO:  Scanning classes from archive D:\Project\Heart\Heartbound-Port\analysis\tools\fabric-modules\fabric-keybindings-v0-0.116.15.jar
INFO:  Scanning classes from archive D:\Project\Heart\Heartbound-Port\analysis\tools\fabric-modules\fabric-lifecycle-events-v1-0.116.15.jar
INFO:  Scanning classes from archive D:\Project\Heart\Heartbound-Port\analysis\tools\fabric-modules\fabric-loot-api-v2-0.116.15.jar
INFO:  Scanning classes from archive D:\Project\Heart\Heartbound-Port\analysis\tools\fabric-modules\fabric-loot-api-v3-0.116.15.jar
INFO:  Scanning classes from archive D:\Project\Heart\Heartbound-Port\analysis\tools\fabric-modules\fabric-message-api-v1-0.116.15.jar
INFO:  Scanning classes from archive D:\Project\Heart\Heartbound-Port\analysis\tools\fabric-modules\fabric-model-loading-api-v1-0.116.15.jar
INFO:  Scanning classes from archive D:\Project\Heart\Heartbound-Port\analysis\tools\fabric-modules\fabric-networking-api-v1-0.116.15.jar
INFO:  Scanning classes from archive D:\Project\Heart\Heartbound-Port\analysis\tools\fabric-modules\fabric-object-builder-api-v1-0.116.15.jar
INFO:  Scanning classes from archive D:\Project\Heart\Heartbound-Port\analysis\tools\fabric-modules\fabric-particles-v1-0.116.15.jar
INFO:  Scanning classes from archive D:\Project\Heart\Heartbound-Port\analysis\tools\fabric-modules\fabric-recipe-api-v1-0.116.15.jar
INFO:  Scanning classes from archive D:\Project\Heart\Heartbound-Port\analysis\tools\fabric-modules\fabric-registry-sync-v0-0.116.15.jar
INFO:  Scanning classes from archive D:\Project\Heart\Heartbound-Port\analysis\tools\fabric-modules\fabric-renderer-api-v1-0.116.15.jar
INFO:  Scanning classes from archive D:\Project\Heart\Heartbound-Port\analysis\tools\fabric-modules\fabric-renderer-indigo-0.116.15.jar
INFO:  Scanning classes from archive D:\Project\Heart\Heartbound-Port\analysis\tools\fabric-modules\fabric-renderer-registries-v1-0.116.15.jar
INFO:  Scanning classes from archive D:\Project\Heart\Heartbound-Port\analysis\tools\fabric-modules\fabric-rendering-data-attachment-v1-0.116.15.jar
INFO:  Scanning classes from archive D:\Project\Heart\Heartbound-Port\analysis\tools\fabric-modules\fabric-rendering-fluids-v1-0.116.15.jar
INFO:  Scanning classes from archive D:\Project\Heart\Heartbound-Port\analysis\tools\fabric-modules\fabric-rendering-v0-0.116.15.jar
INFO:  Scanning classes from archive D:\Project\Heart\Heartbound-Port\analysis\tools\fabric-modules\fabric-rendering-v1-0.116.15.jar
INFO:  Scanning classes from archive D:\Project\Heart\Heartbound-Port\analysis\tools\fabric-modules\fabric-resource-conditions-api-v1-0.116.15.jar
INFO:  Scanning classes from archive D:\Project\Heart\Heartbound-Port\analysis\tools\fabric-modules\fabric-resource-loader-v0-0.116.15.jar
INFO:  Scanning classes from archive D:\Project\Heart\Heartbound-Port\analysis\tools\fabric-modules\fabric-screen-api-v1-0.116.15.jar
INFO:  Scanning classes from archive D:\Project\Heart\Heartbound-Port\analysis\tools\fabric-modules\fabric-screen-handler-api-v1-0.116.15.jar
INFO:  Scanning classes from archive D:\Project\Heart\Heartbound-Port\analysis\tools\fabric-modules\fabric-sound-api-v1-0.116.15.jar
INFO:  Scanning classes from archive D:\Project\Heart\Heartbound-Port\analysis\tools\fabric-modules\fabric-tag-api-v1-0.116.15.jar
INFO:  Scanning classes from archive D:\Project\Heart\Heartbound-Port\analysis\tools\fabric-modules\fabric-transfer-api-v1-0.116.15.jar
INFO:  Scanning classes from archive D:\Project\Heart\Heartbound-Port\analysis\tools\fabric-modules\fabric-transitive-access-wideners-v1-0.116.15.jar
INFO:  Scanning classes from archive D:\Project\Heart\Heartbound-Port\analysis\heartbound-named.jar
INFO:  Loading Class: com/cuddly/heartbound/config/ModConfig$ControlsConfig from archive D:\Project\Heart\Heartbound-Port\analysis\heartbound-named.jar
INFO:  Loading Class: com/cuddly/heartbound/client/rendering/renderers/KoboldRenderer from archive D:\Project\Heart\Heartbound-Port\analysis\heartbound-named.jar
INFO:  Loading Class: com/cuddly/heartbound/networking/C2S/CumKeybindC2SPacket$1 from archive D:\Project\Heart\Heartbound-Port\analysis\heartbound-named.jar
INFO:  Loading Class: com/cuddly/heartbound/client/gui/screen/customize/LabelSection from archive D:\Project\Heart\Heartbound-Port\analysis\heartbound-named.jar
INFO:  Loading Class: com/cuddly/heartbound/util/HeartboundIcons from archive D:\Project\Heart\Heartbound-Port\analysis\heartbound-named.jar
INFO:  Loading Class: com/cuddly/heartbound/entity/girls/SlimeEntity from archive D:\Project\Heart\Heartbound-Port\analysis\heartbound-named.jar
INFO:  Loading Class: com/cuddly/heartbound/client/gui/screen/customize/SliderSection from archive D:\Project\Heart\Heartbound-Port\analysis\heartbound-named.jar
INFO:  Loading Class: com/cuddly/heartbound/mixins/freecam/BlockStateBaseMixin from archive D:\Project\Heart\Heartbound-Port\analysis\heartbound-named.jar
INFO:  Loading Class: com/cuddly/heartbound/config/keys/FreecamComboKeyMapping from archive D:\Project\Heart\Heartbound-Port\analysis\heartbound-named.jar
INFO:  Loading Class: com/cuddly/heartbound/item/items/XPill from archive D:\Project\Heart\Heartbound-Port\analysis\heartbound-named.jar
INFO:  Loading Class: com/cuddly/heartbound/client/gui/screen/customize/SliderSection$1 from archive D:\Project\Heart\Heartbound-Port\analysis\heartbound-named.jar
INFO:  Loading Class: com/cuddly/heartbound/mixins/transformation/PlayerRidingMixin from archive D:\Project\Heart\Heartbound-Port\analysis\heartbound-named.jar
INFO:  Loading Class: com/cuddly/heartbound/mixins/freecam/ItemInHandRendererMixin from archive D:\Project\Heart\Heartbound-Port\analysis\heartbound-named.jar
INFO:  Loading Class: com/cuddly/heartbound/entity/girls/AlyEntity from archive D:\Project\Heart\Heartbound-Port\analysis\heartbound-named.jar
INFO:  Loading Class: com/cuddly/heartbound/networking/C2S/ScenePhaseSyncC2SPacket from archive D:\Project\Heart\Heartbound-Port\analysis\heartbound-named.jar
INFO:  Loading Class: com/cuddly/heartbound/util/variables/SceneType from archive D:\Project\Heart\Heartbound-Port\analysis\heartbound-named.jar
INFO:  Loading Class: com/cuddly/heartbound/client/gui/screen/customize/ButtonSection from archive D:\Project\Heart\Heartbound-Port\analysis\heartbound-named.jar
INFO:  Loading Class: com/cuddly/heartbound/entity/base/wild/WildGirlEntity from archive D:\Project\Heart\Heartbound-Port\analysis\heartbound-named.jar
INFO:  Loading Class: com/cuddly/heartbound/client/HeartboundKeybinds from archive D:\Project\Heart\Heartbound-Port\analysis\heartbound-named.jar
INFO:  Loading Class: com/cuddly/heartbound/HeartboundClient$GirlScreenData from archive D:\Project\Heart\Heartbound-Port\analysis\heartbound-named.jar
INFO:  Loading Class: com/cuddly/heartbound/client/gui/screen/GirlFeatureScreen from archive D:\Project\Heart\Heartbound-Port\analysis\heartbound-named.jar
INFO:  Loading Class: com/cuddly/heartbound/util/variables/Scene$SceneOptions$1 from archive D:\Project\Heart\Heartbound-Port\analysis\heartbound-named.jar
INFO:  Loading Class: com/cuddly/heartbound/util/inventory/GirlInventory from archive D:\Project\Heart\Heartbound-Port\analysis\heartbound-named.jar
INFO:  Loading Class: com/cuddly/heartbound/config/ModConfig$NotificationConfig from archive D:\Project\Heart\Heartbound-Port\analysis\heartbound-named.jar
INFO:  Loading Class: com/cuddly/heartbound/networking/C2S/AnimationSyncC2SPacket from archive D:\Project\Heart\Heartbound-Port\analysis\heartbound-named.jar
INFO:  Loading Class: com/cuddly/heartbound/networking/C2S/TransformStopSceneC2SPacket from archive D:\Project\Heart\Heartbound-Port\analysis\heartbound-named.jar
INFO:  Loading Class: com/cuddly/heartbound/client/models/AbstractGirlModel from archive D:\Project\Heart\Heartbound-Port\analysis\heartbound-named.jar
INFO:  Loading Class: com/cuddly/heartbound/client/gui/screen/KoboldCustomizeScreen from archive D:\Project\Heart\Heartbound-Port\analysis\heartbound-named.jar
INFO:  Loading Class: com/cuddly/heartbound/entity/ai/goal/GirlBowAttackGoal from archive D:\Project\Heart\Heartbound-Port\analysis\heartbound-named.jar
INFO:  Loading Class: com/cuddly/heartbound/util/variables/BlockEntry from archive D:\Project\Heart\Heartbound-Port\analysis\heartbound-named.jar
INFO:  Loading Class: com/cuddly/heartbound/config/gui/DoubleSliderEntry$Slider from archive D:\Project\Heart\Heartbound-Port\analysis\heartbound-named.jar
INFO:  Loading Class: com/cuddly/heartbound/util/variables/Scene$SceneAnimations$1 from archive D:\Project\Heart\Heartbound-Port\analysis\heartbound-named.jar
INFO:  Loading Class: com/cuddly/heartbound/mixins/freecam/EntityRenderDispatcherMixin from archive D:\Project\Heart\Heartbound-Port\analysis\heartbound-named.jar
INFO:  Loading Class: com/cuddly/heartbound/advancement/criterion/CaptureMasterRingCriterion$Conditions from archive D:\Project\Heart\Heartbound-Port\analysis\heartbound-named.jar
INFO:  Loading Class: com/cuddly/heartbound/config/gui/ModBindingsConfig from archive D:\Project\Heart\Heartbound-Port\analysis\heartbound-named.jar
INFO:  Loading Class: com/cuddly/heartbound/registries/SceneKeyframeEventRegistry$SceneKey from archive D:\Project\Heart\Heartbound-Port\analysis\heartbound-named.jar
INFO:  Loading Class: com/cuddly/heartbound/block/entity/HeartboundBlockEntities from archive D:\Project\Heart\Heartbound-Port\analysis\heartbound-named.jar
INFO:  Loading Class: com/cuddly/heartbound/networking/C2S/SetGUIOpenStateC2SPacket$1 from archive D:\Project\Heart\Heartbound-Port\analysis\heartbound-named.jar
INFO:  Loading Class: com/cuddly/heartbound/networking/C2S/RemovePreviewEntityC2SPacket from archive D:\Project\Heart\Heartbound-Port\analysis\heartbound-named.jar
INFO:  Loading Class: com/cuddly/heartbound/util/rendering/JigglePhysics from archive D:\Project\Heart\Heartbound-Port\analysis\heartbound-named.jar
INFO:  Loading Class: com/cuddly/heartbound/util/ScreenUtils from archive D:\Project\Heart\Heartbound-Port\analysis\heartbound-named.jar
INFO:  Loading Class: com/cuddly/heartbound/util/variables/Scene$SceneOptions from archive D:\Project\Heart\Heartbound-Port\analysis\heartbound-named.jar
INFO:  Loading Class: com/cuddly/heartbound/util/rendering/UVOffsetVertexConsumer from archive D:\Project\Heart\Heartbound-Port\analysis\heartbound-named.jar
INFO:  Loading Class: com/cuddly/heartbound/networking/S2C/TransformSceneOptionsS2CPacket from archive D:\Project\Heart\Heartbound-Port\analysis\heartbound-named.jar
INFO:  Loading Class: com/cuddly/heartbound/block/blocks/LittedMagicalPumpkinBlock from archive D:\Project\Heart\Heartbound-Port\analysis\heartbound-named.jar
INFO:  Loading Class: com/cuddly/heartbound/util/rendering/UnlitNormalVertexConsumer from archive D:\Project\Heart\Heartbound-Port\analysis\heartbound-named.jar
INFO:  Loading Class: com/cuddly/heartbound/registries/GirlRegistry from archive D:\Project\Heart\Heartbound-Port\analysis\heartbound-named.jar
INFO:  Loading Class: com/cuddly/heartbound/client/gui/screen/hud/SceneProgressOverlay from archive D:\Project\Heart\Heartbound-Port\analysis\heartbound-named.jar
INFO:  Loading Class: com/cuddly/heartbound/networking/C2S/TransformSceneKeybindC2SPacket from archive D:\Project\Heart\Heartbound-Port\analysis\heartbound-named.jar
INFO:  Loading Class: com/cuddly/heartbound/client/gui/screen/GirlSceneScreen from archive D:\Project\Heart\Heartbound-Port\analysis\heartbound-named.jar
INFO:  Loading Class: com/cuddly/heartbound/util/inventory/slot/InclusiveSlot from archive D:\Project\Heart\Heartbound-Port\analysis\heartbound-named.jar
INFO:  Loading Class: com/cuddly/heartbound/freecam/FreeCamera$1 from archive D:\Project\Heart\Heartbound-Port\analysis\heartbound-named.jar
INFO:  Loading Class: com/cuddly/heartbound/entity/girls/JennyEntity from archive D:\Project\Heart\Heartbound-Port\analysis\heartbound-named.jar
INFO:  Loading Class: com/cuddly/heartbound/freecam/Motion from archive D:\Project\Heart\Heartbound-Port\analysis\heartbound-named.jar
INFO:  Loading Class: com/cuddly/heartbound/entity/ai/goal/GirlFarmCropsGoal$FarmingState from archive D:\Project\Heart\Heartbound-Port\analysis\heartbound-named.jar
INFO:  Loading Class: com/cuddly/heartbound/entity/ai/goal/StationaryContactGoal from archive D:\Project\Heart\Heartbound-Port\analysis\heartbound-named.jar
INFO:  Loading Class: com/cuddly/heartbound/item/HeartboundItems from archive D:\Project\Heart\Heartbound-Port\analysis\heartbound-named.jar
INFO:  Loading Class: com/cuddly/heartbound/entity/ai/goal/GirlRoamAtBaseGoal from archive D:\Project\Heart\Heartbound-Port\analysis\heartbound-named.jar
INFO:  Loading Class: com/cuddly/heartbound/mixins/freecam/BubbleColumnAmbientSoundHandlerMixin from archive D:\Project\Heart\Heartbound-Port\analysis\heartbound-named.jar
INFO:  Loading Class: com/cuddly/heartbound/registries/SpawnEggColors from archive D:\Project\Heart\Heartbound-Port\analysis\heartbound-named.jar
INFO:  Loading Class: com/cuddly/heartbound/networking/C2S/InventoryButtonC2SPacket from archive D:\Project\Heart\Heartbound-Port\analysis\heartbound-named.jar
INFO:  Loading Class: com/cuddly/heartbound/mixins/freecam/EntityMixin from archive D:\Project\Heart\Heartbound-Port\analysis\heartbound-named.jar
INFO:  Loading Class: com/cuddly/heartbound/entity/ai/goal/GirlStayNearBaseGoal from archive D:\Project\Heart\Heartbound-Port\analysis\heartbound-named.jar
INFO:  Loading Class: com/cuddly/heartbound/client/rendering/renderers/CustomGirlRenderer from archive D:\Project\Heart\Heartbound-Port\analysis\heartbound-named.jar
INFO:  Loading Class: com/cuddly/heartbound/entity/girls/KoboldEntity from archive D:\Project\Heart\Heartbound-Port\analysis\heartbound-named.jar
INFO:  Loading Class: com/cuddly/heartbound/entity/girls/CoppieEntity from archive D:\Project\Heart\Heartbound-Port\analysis\heartbound-named.jar
INFO:  Loading Class: com/cuddly/heartbound/mixins/geckolib/GeoBoneMixin from archive D:\Project\Heart\Heartbound-Port\analysis\heartbound-named.jar
INFO:  Loading Class: com/cuddly/heartbound/advancement/criterion/HeartboundCriteria from archive D:\Project\Heart\Heartbound-Port\analysis\heartbound-named.jar
INFO:  Loading Class: com/cuddly/heartbound/advancement/criterion/KillGirlCriterion from archive D:\Project\Heart\Heartbound-Port\analysis\heartbound-named.jar
INFO:  Loading Class: com/cuddly/heartbound/entity/ai/brain/GirlMemoryTypes from archive D:\Project\Heart\Heartbound-Port\analysis\heartbound-named.jar
INFO:  Loading Class: com/cuddly/heartbound/client/gui/screen/customize/WarmTextFieldWidget from archive D:\Project\Heart\Heartbound-Port\analysis\heartbound-named.jar
INFO:  Loading Class: com/cuddly/heartbound/transformation/TransformSceneRegistry from archive D:\Project\Heart\Heartbound-Port\analysis\heartbound-named.jar
INFO:  Loading Class: com/cuddly/heartbound/advancement/criterion/CaptureMasterRingCriterion from archive D:\Project\Heart\Heartbound-Port\analysis\heartbound-named.jar
INFO:  Loading Class: com/cuddly/heartbound/freecam/tripod/TripodSlot from archive D:\Project\Heart\Heartbound-Port\analysis\heartbound-named.jar
INFO:  Loading Class: com/cuddly/heartbound/client/gui/screen/customize/Vec3dInputSection from archive D:\Project\Heart\Heartbound-Port\analysis\heartbound-named.jar
INFO:  Loading Class: com/cuddly/heartbound/block/entity/entities/FusionTableBlockEntity from archive D:\Project\Heart\Heartbound-Port\analysis\heartbound-named.jar
INFO:  Loading Class: com/cuddly/heartbound/config/ModConfig$GirlConfig from archive D:\Project\Heart\Heartbound-Port\analysis\heartbound-named.jar
INFO:  Loading Class: com/cuddly/heartbound/client/gui/screen/CategorySelectionScreen from archive D:\Project\Heart\Heartbound-Port\analysis\heartbound-named.jar
INFO:  Loading Class: com/cuddly/heartbound/util/SceneKeyframeEventReloader from archive D:\Project\Heart\Heartbound-Port\analysis\heartbound-named.jar
INFO:  Loading Class: com/cuddly/heartbound/client/rendering/renderers/AlyRenderer from archive D:\Project\Heart\Heartbound-Port\analysis\heartbound-named.jar
INFO:  Loading Class: com/cuddly/heartbound/entity/base/tamable/BaseGirlEntityAI from archive D:\Project\Heart\Heartbound-Port\analysis\heartbound-named.jar
INFO:  Loading Class: com/cuddly/heartbound/entity/ai/goal/GirlDefendBaseGoal from archive D:\Project\Heart\Heartbound-Port\analysis\heartbound-named.jar
INFO:  Loading Class: com/cuddly/heartbound/item/CustomGirlSpawnEggItem from archive D:\Project\Heart\Heartbound-Port\analysis\heartbound-named.jar
INFO:  Loading Class: com/cuddly/heartbound/registries/HeartboundSoundEventRegistry$SoundGroup from archive D:\Project\Heart\Heartbound-Port\analysis\heartbound-named.jar
INFO:  Loading Class: com/cuddly/heartbound/networking/C2S/TransformStartSceneC2SPacket from archive D:\Project\Heart\Heartbound-Port\analysis\heartbound-named.jar
INFO:  Loading Class: com/cuddly/heartbound/networking/S2C/PlayAttackAnimationS2CPacket from archive D:\Project\Heart\Heartbound-Port\analysis\heartbound-named.jar
INFO:  Loading Class: com/cuddly/heartbound/entity/girls/EllieEntity from archive D:\Project\Heart\Heartbound-Port\analysis\heartbound-named.jar
INFO:  Loading Class: com/cuddly/heartbound/networking/C2S/RegisterCustomGirlSoundC2SPacket from archive D:\Project\Heart\Heartbound-Port\analysis\heartbound-named.jar
INFO:  Loading Class: com/cuddly/heartbound/networking/C2S/RegisterCustomGirlMessageC2SPacket from archive D:\Project\Heart\Heartbound-Port\analysis\heartbound-named.jar
INFO:  Loading Class: com/cuddly/heartbound/util/variables/Scene$SceneAnimations from archive D:\Project\Heart\Heartbound-Port\analysis\heartbound-named.jar
INFO:  Loading Class: com/cuddly/heartbound/networking/S2C/OpenKoboldCustomizeScreenS2CPacket from archive D:\Project\Heart\Heartbound-Port\analysis\heartbound-named.jar
INFO:  Loading Class: com/cuddly/heartbound/entity/ai/pathing/GirlNavigation from archive D:\Project\Heart\Heartbound-Port\analysis\heartbound-named.jar
INFO:  Loading Class: com/cuddly/heartbound/networking/C2S/KoboldCustomizeC2SPacket from archive D:\Project\Heart\Heartbound-Port\analysis\heartbound-named.jar
INFO:  Loading Class: com/cuddly/heartbound/networking/S2C/PlayCumHudAnimationS2CPacket from archive D:\Project\Heart\Heartbound-Port\analysis\heartbound-named.jar
INFO:  Loading Class: com/cuddly/heartbound/mixins/freecam/LocalPlayerMixin from archive D:\Project\Heart\Heartbound-Port\analysis\heartbound-named.jar
INFO:  Loading Class: com/cuddly/heartbound/networking/S2C/RunAnimEventsS2CPacket from archive D:\Project\Heart\Heartbound-Port\analysis\heartbound-named.jar
INFO:  Loading Class: com/cuddly/heartbound/config/ModBindings from archive D:\Project\Heart\Heartbound-Port\analysis\heartbound-named.jar
INFO:  Loading Class: com/cuddly/heartbound/entity/girls/KoboldEntity$PatternPresets from archive D:\Project\Heart\Heartbound-Port\analysis\heartbound-named.jar
INFO:  Loading Class: com/cuddly/heartbound/util/inventory/slot/PublicArmorSlot from archive D:\Project\Heart\Heartbound-Port\analysis\heartbound-named.jar
INFO:  Loading Class: com/cuddly/heartbound/networking/C2S/PlayerAnimLockC2SPacket from archive D:\Project\Heart\Heartbound-Port\analysis\heartbound-named.jar
INFO:  Loading Class: com/cuddly/heartbound/config/ModConfig$UtilityConfig from archive D:\Project\Heart\Heartbound-Port\analysis\heartbound-named.jar
INFO:  Loading Class: com/cuddly/heartbound/util/HeartboundLangUtils from archive D:\Project\Heart\Heartbound-Port\analysis\heartbound-named.jar
INFO:  Loading Class: com/cuddly/heartbound/client/rendering/renderers/CoppieRenderer from archive D:\Project\Heart\Heartbound-Port\analysis\heartbound-named.jar
INFO:  Loading Class: com/cuddly/heartbound/networking/S2C/RefreshModelsS2CPacket from archive D:\Project\Heart\Heartbound-Port\analysis\heartbound-named.jar
INFO:  Loading Class: com/cuddly/heartbound/networking/C2S/AnimationFinishC2SPacket from archive D:\Project\Heart\Heartbound-Port\analysis\heartbound-named.jar
INFO:  Loading Class: com/cuddly/heartbound/networking/C2S/TransformAnimationFinishC2SPacket from archive D:\Project\Heart\Heartbound-Port\analysis\heartbound-named.jar
INFO:  Loading Class: com/cuddly/heartbound/util/rendering/GeoBoneExtension from archive D:\Project\Heart\Heartbound-Port\analysis\heartbound-named.jar
INFO:  Loading Class: com/cuddly/heartbound/mixins/freecam/GameRendererMixin from archive D:\Project\Heart\Heartbound-Port\analysis\heartbound-named.jar
INFO:  Loading Class: com/cuddly/heartbound/registries/HeartboundTrackedDataRegistry from archive D:\Project\Heart\Heartbound-Port\analysis\heartbound-named.jar
INFO:  Loading Class: com/cuddly/heartbound/registries/HeartboundDispenserBehavior from archive D:\Project\Heart\Heartbound-Port\analysis\heartbound-named.jar
INFO:  Loading Class: com/cuddly/heartbound/config/gui/DoubleSliderEntry from archive D:\Project\Heart\Heartbound-Port\analysis\heartbound-named.jar
INFO:  Loading Class: com/cuddly/heartbound/client/gui/screen/GirlSelectionScreen$1 from archive D:\Project\Heart\Heartbound-Port\analysis\heartbound-named.jar
INFO:  Loading Class: com/cuddly/heartbound/config/ModConfig$FlightMode from archive D:\Project\Heart\Heartbound-Port\analysis\heartbound-named.jar
INFO:  Loading Class: com/cuddly/heartbound/entity/ai/goal/GirlPickupMobDropsGoal from archive D:\Project\Heart\Heartbound-Port\analysis\heartbound-named.jar
INFO:  Loading Class: com/cuddly/heartbound/networking/S2C/OpenCustomizeScreenS2CPacket from archive D:\Project\Heart\Heartbound-Port\analysis\heartbound-named.jar
INFO:  Loading Class: com/cuddly/heartbound/client/models/JennyModel from archive D:\Project\Heart\Heartbound-Port\analysis\heartbound-named.jar
INFO:  Loading Class: com/cuddly/heartbound/advancement/criterion/TameGirlCriterion$Conditions from archive D:\Project\Heart\Heartbound-Port\analysis\heartbound-named.jar
INFO:  Loading Class: com/cuddly/heartbound/client/gui/screen/customize/WarmButtonWidget from archive D:\Project\Heart\Heartbound-Port\analysis\heartbound-named.jar
INFO:  Loading Class: com/cuddly/heartbound/client/rendering/layers/BoneOverrideRenderLayer from archive D:\Project\Heart\Heartbound-Port\analysis\heartbound-named.jar
INFO:  Loading Class: com/cuddly/heartbound/client/rendering/renderers/TransformedPlayerRenderer from archive D:\Project\Heart\Heartbound-Port\analysis\heartbound-named.jar
INFO:  Loading Class: com/cuddly/heartbound/networking/C2S/GirlCustomizeC2SPacket$1 from archive D:\Project\Heart\Heartbound-Port\analysis\heartbound-named.jar
INFO:  Loading Class: com/cuddly/heartbound/command/GirlsCommand from archive D:\Project\Heart\Heartbound-Port\analysis\heartbound-named.jar
INFO:  Loading Class: com/cuddly/heartbound/networking/C2S/PlayerStripStartC2SPacket from archive D:\Project\Heart\Heartbound-Port\analysis\heartbound-named.jar
INFO:  Loading Class: com/cuddly/heartbound/jei/FusionRecipe from archive D:\Project\Heart\Heartbound-Port\analysis\heartbound-named.jar
INFO:  Loading Class: com/cuddly/heartbound/entity/base/tamable/TameableGirlEntity$TameableGirlEscapeDangerGoal from archive D:\Project\Heart\Heartbound-Port\analysis\heartbound-named.jar
INFO:  Loading Class: com/cuddly/heartbound/util/json/CustomGirlLoader from archive D:\Project\Heart\Heartbound-Port\analysis\heartbound-named.jar
INFO:  Loading Class: com/cuddly/heartbound/util/HeartboundLangUtils$1 from archive D:\Project\Heart\Heartbound-Port\analysis\heartbound-named.jar
INFO:  Loading Class: com/cuddly/heartbound/util/Utils from archive D:\Project\Heart\Heartbound-Port\analysis\heartbound-named.jar
INFO:  Loading Class: com/cuddly/heartbound/entity/ai/goal/GirlTrackOwnerAttackerGoal from archive D:\Project\Heart\Heartbound-Port\analysis\heartbound-named.jar
INFO:  Loading Class: com/cuddly/heartbound/block/blocks/FusionTableBlock from archive D:\Project\Heart\Heartbound-Port\analysis\heartbound-named.jar
INFO:  Loading Class: com/cuddly/heartbound/advancement/criterion/KillGirlCriterion$Conditions from archive D:\Project\Heart\Heartbound-Port\analysis\heartbound-named.jar
INFO:  Loading Class: com/cuddly/heartbound/entity/ai/goal/GirlFollowOwnerGoal from archive D:\Project\Heart\Heartbound-Port\analysis\heartbound-named.jar
INFO:  Loading Class: com/cuddly/heartbound/client/models/BeeModel from archive D:\Project\Heart\Heartbound-Port\analysis\heartbound-named.jar
INFO:  Loading Class: com/cuddly/heartbound/networking/HeartboundPackets from archive D:\Project\Heart\Heartbound-Port\analysis\heartbound-named.jar
INFO:  Loading Class: com/cuddly/heartbound/block/blocks/MagicalPumpkinBlock from archive D:\Project\Heart\Heartbound-Port\analysis\heartbound-named.jar
INFO:  Loading Class: com/cuddly/heartbound/item/items/MasterRing from archive D:\Project\Heart\Heartbound-Port\analysis\heartbound-named.jar
INFO:  Loading Class: com/cuddly/heartbound/entity/girls/BiaEntity from archive D:\Project\Heart\Heartbound-Port\analysis\heartbound-named.jar
INFO:  Loading Class: com/cuddly/heartbound/freecam/FreecamPosition from archive D:\Project\Heart\Heartbound-Port\analysis\heartbound-named.jar
INFO:  Loading Class: com/cuddly/heartbound/screen/FeatureGroup from archive D:\Project\Heart\Heartbound-Port\analysis\heartbound-named.jar
INFO:  Loading Class: com/cuddly/heartbound/client/rendering/renderers/SlimeRenderer from archive D:\Project\Heart\Heartbound-Port\analysis\heartbound-named.jar
INFO:  Loading Class: com/cuddly/heartbound/screen/GirlInventoryScreenHandlerFactory from archive D:\Project\Heart\Heartbound-Port\analysis\heartbound-named.jar
INFO:  Loading Class: com/cuddly/heartbound/entity/ai/goal/GirlMineOresGoal from archive D:\Project\Heart\Heartbound-Port\analysis\heartbound-named.jar
INFO:  Loading Class: com/cuddly/heartbound/util/json/CustomGirlParser from archive D:\Project\Heart\Heartbound-Port\analysis\heartbound-named.jar
INFO:  Loading Class: com/cuddly/heartbound/util/SceneKeyframeEventReloader$1 from archive D:\Project\Heart\Heartbound-Port\analysis\heartbound-named.jar
INFO:  Loading Class: com/cuddly/heartbound/entity/base/GirlSceneEntity$1 from archive D:\Project\Heart\Heartbound-Port\analysis\heartbound-named.jar
INFO:  Loading Class: com/cuddly/heartbound/networking/S2C/SceneOptionsS2CPacket from archive D:\Project\Heart\Heartbound-Port\analysis\heartbound-named.jar
INFO:  Loading Class: com/cuddly/heartbound/client/gui/screen/KoboldCustomizeScreen$1 from archive D:\Project\Heart\Heartbound-Port\analysis\heartbound-named.jar
INFO:  Loading Class: com/cuddly/heartbound/entity/ai/goal/GirlDepositItemsGoal from archive D:\Project\Heart\Heartbound-Port\analysis\heartbound-named.jar
INFO:  Loading Class: com/cuddly/heartbound/config/ModConfig from archive D:\Project\Heart\Heartbound-Port\analysis\heartbound-named.jar
INFO:  Loading Class: com/cuddly/heartbound/block/entity/entities/FusionTableBlockEntity$1 from archive D:\Project\Heart\Heartbound-Port\analysis\heartbound-named.jar
INFO:  Loading Class: com/cuddly/heartbound/screen/FusionTableScreenHandler from archive D:\Project\Heart\Heartbound-Port\analysis\heartbound-named.jar
INFO:  Loading Class: com/cuddly/heartbound/client/rendering/renderers/BiaRenderer from archive D:\Project\Heart\Heartbound-Port\analysis\heartbound-named.jar
INFO:  Loading Class: com/cuddly/heartbound/config/keys/HoldAction from archive D:\Project\Heart\Heartbound-Port\analysis\heartbound-named.jar
INFO:  Loading Class: com/cuddly/heartbound/mixins/freecam/EntityRendererMixin from archive D:\Project\Heart\Heartbound-Port\analysis\heartbound-named.jar
INFO:  Loading Class: com/cuddly/heartbound/advancement/criterion/BreakUpCriterion$Conditions from archive D:\Project\Heart\Heartbound-Port\analysis\heartbound-named.jar
INFO:  Loading Class: com/cuddly/heartbound/util/json/SceneKeyframeEventLoader from archive D:\Project\Heart\Heartbound-Port\analysis\heartbound-named.jar
INFO:  Loading Class: com/cuddly/heartbound/screen/InventoryButtonAction from archive D:\Project\Heart\Heartbound-Port\analysis\heartbound-named.jar
INFO:  Loading Class: com/cuddly/heartbound/util/rendering/OffsetVertexConsumer from archive D:\Project\Heart\Heartbound-Port\analysis\heartbound-named.jar
INFO:  Loading Class: com/cuddly/heartbound/mixins/freecam/LivingEntityMixin from archive D:\Project\Heart\Heartbound-Port\analysis\heartbound-named.jar
INFO:  Loading Class: com/cuddly/heartbound/client/models/CoppieModel from archive D:\Project\Heart\Heartbound-Port\analysis\heartbound-named.jar
INFO:  Loading Class: com/cuddly/heartbound/config/ModConfig$InteractionMode from archive D:\Project\Heart\Heartbound-Port\analysis\heartbound-named.jar
INFO:  Loading Class: com/cuddly/heartbound/client/rendering/renderers/AbstractGirlRenderer$1 from archive D:\Project\Heart\Heartbound-Port\analysis\heartbound-named.jar
INFO:  Loading Class: com/cuddly/heartbound/client/ClientUtils from archive D:\Project\Heart\Heartbound-Port\analysis\heartbound-named.jar
INFO:  Loading Class: com/cuddly/heartbound/entity/ai/goal/ConditionalGoal from archive D:\Project\Heart\Heartbound-Port\analysis\heartbound-named.jar
INFO:  Loading Class: com/cuddly/heartbound/entity/ai/goal/GirlAttackWithOwnerGoal from archive D:\Project\Heart\Heartbound-Port\analysis\heartbound-named.jar
INFO:  Loading Class: com/cuddly/heartbound/item/items/HeartGuide from archive D:\Project\Heart\Heartbound-Port\analysis\heartbound-named.jar
INFO:  Loading Class: com/cuddly/heartbound/networking/C2S/RegisterCustomGirlRandomSoundC2SPacket from archive D:\Project\Heart\Heartbound-Port\analysis\heartbound-named.jar
INFO:  Loading Class: com/cuddly/heartbound/entity/ai/pathing/GirlPathNodeMaker from archive D:\Project\Heart\Heartbound-Port\analysis\heartbound-named.jar
INFO:  Loading Class: com/cuddly/heartbound/client/rendering/TransformedPlayerRenderManager from archive D:\Project\Heart\Heartbound-Port\analysis\heartbound-named.jar
INFO:  Loading Class: com/cuddly/heartbound/client/rendering/renderers/BeeRenderer from archive D:\Project\Heart\Heartbound-Port\analysis\heartbound-named.jar
INFO:  Loading Class: com/cuddly/heartbound/screen/GirlInventoryScreenHandler from archive D:\Project\Heart\Heartbound-Port\analysis\heartbound-named.jar
INFO:  Loading Class: com/cuddly/heartbound/component/HeartboundDataComponentTypes from archive D:\Project\Heart\Heartbound-Port\analysis\heartbound-named.jar
INFO:  Loading Class: com/cuddly/heartbound/networking/HeartboundClientPackets from archive D:\Project\Heart\Heartbound-Port\analysis\heartbound-named.jar
INFO:  Loading Class: com/cuddly/heartbound/command/Commands from archive D:\Project\Heart\Heartbound-Port\analysis\heartbound-named.jar
INFO:  Loading Class: com/cuddly/heartbound/networking/C2S/TransformThrustKeyframeC2SPacket from archive D:\Project\Heart\Heartbound-Port\analysis\heartbound-named.jar
INFO:  Loading Class: com/cuddly/heartbound/entity/ai/goal/GirlMeleeAttackGoal from archive D:\Project\Heart\Heartbound-Port\analysis\heartbound-named.jar
INFO:  Loading Class: com/cuddly/heartbound/util/variables/AIMode from archive D:\Project\Heart\Heartbound-Port\analysis\heartbound-named.jar
INFO:  Loading Class: com/cuddly/heartbound/advancement/criterion/MaxRelationshipCriterion from archive D:\Project\Heart\Heartbound-Port\analysis\heartbound-named.jar
INFO:  Loading Class: com/cuddly/heartbound/client/models/AlyModel from archive D:\Project\Heart\Heartbound-Port\analysis\heartbound-named.jar
INFO:  Loading Class: com/cuddly/heartbound/client/gui/screen/GirlSelectionScreen from archive D:\Project\Heart\Heartbound-Port\analysis\heartbound-named.jar
INFO:  Loading Class: com/cuddly/heartbound/freecam/FreeCamera from archive D:\Project\Heart\Heartbound-Port\analysis\heartbound-named.jar
INFO:  Loading Class: com/cuddly/heartbound/screen/FusionTableScreenHandler$1 from archive D:\Project\Heart\Heartbound-Port\analysis\heartbound-named.jar
INFO:  Loading Class: com/cuddly/heartbound/config/keys/FreecamKeyMapping from archive D:\Project\Heart\Heartbound-Port\analysis\heartbound-named.jar
INFO:  Loading Class: com/cuddly/heartbound/client/gui/screen/CustomizeScreen$WarmButtonEntry from archive D:\Project\Heart\Heartbound-Port\analysis\heartbound-named.jar
INFO:  Loading Class: com/cuddly/heartbound/registries/SceneKeyframeEventRegistry from archive D:\Project\Heart\Heartbound-Port\analysis\heartbound-named.jar
INFO:  Loading Class: com/cuddly/heartbound/screen/FusionTableScreenHandler$4 from archive D:\Project\Heart\Heartbound-Port\analysis\heartbound-named.jar
INFO:  Loading Class: com/cuddly/heartbound/screen/FusionTableScreenHandler$2 from archive D:\Project\Heart\Heartbound-Port\analysis\heartbound-named.jar
INFO:  Loading Class: com/cuddly/heartbound/config/keys/FreecamKeyMappingBuilder from archive D:\Project\Heart\Heartbound-Port\analysis\heartbound-named.jar
INFO:  Loading Class: com/cuddly/heartbound/screen/FusionTableScreenHandler$3 from archive D:\Project\Heart\Heartbound-Port\analysis\heartbound-named.jar
INFO:  Loading Class: com/cuddly/heartbound/client/models/BiaModel from archive D:\Project\Heart\Heartbound-Port\analysis\heartbound-named.jar
INFO:  Loading Class: com/cuddly/heartbound/item/HeartboundItemGroups from archive D:\Project\Heart\Heartbound-Port\analysis\heartbound-named.jar
INFO:  Loading Class: com/cuddly/heartbound/mixins/transformation/PlayerTransformationMixin from archive D:\Project\Heart\Heartbound-Port\analysis\heartbound-named.jar
INFO:  Loading Class: com/cuddly/heartbound/entity/ai/goal/StopMovementGoal from archive D:\Project\Heart\Heartbound-Port\analysis\heartbound-named.jar
INFO:  Loading Class: com/cuddly/heartbound/networking/C2S/PlayerStripToggleC2SPacket from archive D:\Project\Heart\Heartbound-Port\analysis\heartbound-named.jar
INFO:  Loading Class: com/cuddly/heartbound/client/models/KoboldModel from archive D:\Project\Heart\Heartbound-Port\analysis\heartbound-named.jar
INFO:  Loading Class: com/cuddly/heartbound/registries/InventoryButtonRegistry from archive D:\Project\Heart\Heartbound-Port\analysis\heartbound-named.jar
INFO:  Loading Class: com/cuddly/heartbound/client/gui/screen/GirlCustomizeScreen from archive D:\Project\Heart\Heartbound-Port\analysis\heartbound-named.jar
INFO:  Loading Class: com/cuddly/heartbound/config/gui/ModBindingsConfigImpl from archive D:\Project\Heart\Heartbound-Port\analysis\heartbound-named.jar
INFO:  Loading Class: com/cuddly/heartbound/entity/ai/brain/GirlActivities from archive D:\Project\Heart\Heartbound-Port\analysis\heartbound-named.jar
INFO:  Loading Class: com/cuddly/heartbound/util/inventory/slot/ExclusiveSlot from archive D:\Project\Heart\Heartbound-Port\analysis\heartbound-named.jar
INFO:  Loading Class: com/cuddly/heartbound/entity/ai/goal/MoveToPlayerGoal from archive D:\Project\Heart\Heartbound-Port\analysis\heartbound-named.jar
INFO:  Loading Class: com/cuddly/heartbound/networking/C2S/BonePosSyncC2SPacket from archive D:\Project\Heart\Heartbound-Port\analysis\heartbound-named.jar
INFO:  Loading Class: com/cuddly/heartbound/client/gui/screen/GirlCustomizeScreen$1 from archive D:\Project\Heart\Heartbound-Port\analysis\heartbound-named.jar
INFO:  Loading Class: com/cuddly/heartbound/entity/ai/goal/GirlAttackSwitchGoal from archive D:\Project\Heart\Heartbound-Port\analysis\heartbound-named.jar
INFO:  Loading Class: com/cuddly/heartbound/advancement/criterion/MaxRelationshipCriterion$Conditions from archive D:\Project\Heart\Heartbound-Port\analysis\heartbound-named.jar
INFO:  Loading Class: com/cuddly/heartbound/util/Colors from archive D:\Project\Heart\Heartbound-Port\analysis\heartbound-named.jar
INFO:  Loading Class: com/cuddly/heartbound/advancement/criterion/TameGirlCriterion from archive D:\Project\Heart\Heartbound-Port\analysis\heartbound-named.jar
INFO:  Loading Class: com/cuddly/heartbound/advancement/criterion/CaptureLoveBallCriterion from archive D:\Project\Heart\Heartbound-Port\analysis\heartbound-named.jar
INFO:  Loading Class: com/cuddly/heartbound/advancement/criterion/TransformCriterion$Conditions from archive D:\Project\Heart\Heartbound-Port\analysis\heartbound-named.jar
INFO:  Loading Class: com/cuddly/heartbound/mixins/transformation/PlayerEntityRendererMixin from archive D:\Project\Heart\Heartbound-Port\analysis\heartbound-named.jar
INFO:  Loading Class: com/cuddly/heartbound/advancement/criterion/TransformCriterion from archive D:\Project\Heart\Heartbound-Port\analysis\heartbound-named.jar
INFO:  Loading Class: com/cuddly/heartbound/transformation/TransformablePlayer from archive D:\Project\Heart\Heartbound-Port\analysis\heartbound-named.jar
INFO:  Loading Class: com/cuddly/heartbound/mixins/freecam/LightTextureMixin from archive D:\Project\Heart\Heartbound-Port\analysis\heartbound-named.jar
INFO:  Loading Class: com/cuddly/heartbound/ModMenuIntegration from archive D:\Project\Heart\Heartbound-Port\analysis\heartbound-named.jar
INFO:  Loading Class: com/cuddly/heartbound/client/rendering/renderers/EllieRenderer from archive D:\Project\Heart\Heartbound-Port\analysis\heartbound-named.jar
INFO:  Loading Class: com/cuddly/heartbound/client/gui/screen/CustomizeScreen$LayoutConfig from archive D:\Project\Heart\Heartbound-Port\analysis\heartbound-named.jar
INFO:  Loading Class: com/cuddly/heartbound/config/ModConfig$VisualConfig from archive D:\Project\Heart\Heartbound-Port\analysis\heartbound-named.jar
INFO:  Loading Class: com/cuddly/heartbound/client/gui/screen/FusionTableScreen from archive D:\Project\Heart\Heartbound-Port\analysis\heartbound-named.jar
INFO:  Loading Class: com/cuddly/heartbound/Heartbound from archive D:\Project\Heart\Heartbound-Port\analysis\heartbound-named.jar
INFO:  Loading Class: com/cuddly/heartbound/entity/ai/goal/BedGoal from archive D:\Project\Heart\Heartbound-Port\analysis\heartbound-named.jar
INFO:  Loading Class: com/cuddly/heartbound/transformation/GirlTransformationInfo from archive D:\Project\Heart\Heartbound-Port\analysis\heartbound-named.jar
INFO:  Loading Class: com/cuddly/heartbound/client/models/SlimeModel from archive D:\Project\Heart\Heartbound-Port\analysis\heartbound-named.jar
INFO:  Loading Class: com/cuddly/heartbound/entity/ai/goal/GirlPickupCropsGoal from archive D:\Project\Heart\Heartbound-Port\analysis\heartbound-named.jar
INFO:  Loading Class: com/cuddly/heartbound/client/gui/screen/ScreenDecorations from archive D:\Project\Heart\Heartbound-Port\analysis\heartbound-named.jar
INFO:  Loading Class: com/cuddly/heartbound/registries/HeartboundTrackedDataRegistry$1 from archive D:\Project\Heart\Heartbound-Port\analysis\heartbound-named.jar
INFO:  Loading Class: com/cuddly/heartbound/networking/C2S/KoboldCustomizeC2SPacket$1 from archive D:\Project\Heart\Heartbound-Port\analysis\heartbound-named.jar
INFO:  Loading Class: com/cuddly/heartbound/networking/C2S/TransformRequestC2SPacket from archive D:\Project\Heart\Heartbound-Port\analysis\heartbound-named.jar
INFO:  Loading Class: com/cuddly/heartbound/freecam/Freecam from archive D:\Project\Heart\Heartbound-Port\analysis\heartbound-named.jar
INFO:  Loading Class: com/cuddly/heartbound/client/gui/screen/CustomizeScreen from archive D:\Project\Heart\Heartbound-Port\analysis\heartbound-named.jar
INFO:  Loading Class: com/cuddly/heartbound/mixins/freecam/EntityRenderDispatcherAccessor from archive D:\Project\Heart\Heartbound-Port\analysis\heartbound-named.jar
INFO:  Loading Class: com/cuddly/heartbound/networking/C2S/GirlCustomizeC2SPacket from archive D:\Project\Heart\Heartbound-Port\analysis\heartbound-named.jar
INFO:  Loading Class: com/cuddly/heartbound/entity/base/tamable/TameableGirlEntity from archive D:\Project\Heart\Heartbound-Port\analysis\heartbound-named.jar
INFO:  Loading Class: com/cuddly/heartbound/entity/ai/goal/GirlFarmCropsGoal from archive D:\Project\Heart\Heartbound-Port\analysis\heartbound-named.jar
INFO:  Loading Class: com/cuddly/heartbound/util/variables/CustomGirlProfile from archive D:\Project\Heart\Heartbound-Port\analysis\heartbound-named.jar
INFO:  Loading Class: com/cuddly/heartbound/HeartboundClient from archive D:\Project\Heart\Heartbound-Port\analysis\heartbound-named.jar
INFO:  Loading Class: com/cuddly/heartbound/client/gui/screen/customize/ButtonGridSection from archive D:\Project\Heart\Heartbound-Port\analysis\heartbound-named.jar
INFO:  Loading Class: com/cuddly/heartbound/networking/S2C/ClothingArmorVisibilityS2CPacket$1 from archive D:\Project\Heart\Heartbound-Port\analysis\heartbound-named.jar
INFO:  Loading Class: com/cuddly/heartbound/networking/C2S/StopSceneOnServerC2SPacket from archive D:\Project\Heart\Heartbound-Port\analysis\heartbound-named.jar
INFO:  Loading Class: com/cuddly/heartbound/util/managers/TamedGirlManager from archive D:\Project\Heart\Heartbound-Port\analysis\heartbound-named.jar
INFO:  Loading Class: com/cuddly/heartbound/util/variables/ScenePhase from archive D:\Project\Heart\Heartbound-Port\analysis\heartbound-named.jar
INFO:  Loading Class: com/cuddly/heartbound/mixins/freecam/LevelRendererMixin from archive D:\Project\Heart\Heartbound-Port\analysis\heartbound-named.jar
INFO:  Loading Class: com/cuddly/heartbound/networking/C2S/SoundEventSyncC2SPacket from archive D:\Project\Heart\Heartbound-Port\analysis\heartbound-named.jar
INFO:  Loading Class: com/cuddly/heartbound/block/HeartboundBlocks from archive D:\Project\Heart\Heartbound-Port\analysis\heartbound-named.jar
INFO:  Loading Class: com/cuddly/heartbound/mixins/freecam/GuiMixin from archive D:\Project\Heart\Heartbound-Port\analysis\heartbound-named.jar
INFO:  Loading Class: com/cuddly/heartbound/mixins/freecam/CameraMixin from archive D:\Project\Heart\Heartbound-Port\analysis\heartbound-named.jar
INFO:  Loading Class: com/cuddly/heartbound/networking/C2S/ThrustKeybindC2SPacket from archive D:\Project\Heart\Heartbound-Port\analysis\heartbound-named.jar
INFO:  Loading Class: com/cuddly/heartbound/util/inventory/slot/TexturedSlot from archive D:\Project\Heart\Heartbound-Port\analysis\heartbound-named.jar
INFO:  Loading Class: com/cuddly/heartbound/mixins/transformation/PlayerTransformationMixin$1 from archive D:\Project\Heart\Heartbound-Port\analysis\heartbound-named.jar
INFO:  Loading Class: com/cuddly/heartbound/config/ModConfig$MovementConfig from archive D:\Project\Heart\Heartbound-Port\analysis\heartbound-named.jar
INFO:  Loading Class: com/cuddly/heartbound/entity/ai/goal/StripGoal from archive D:\Project\Heart\Heartbound-Port\analysis\heartbound-named.jar
INFO:  Loading Class: com/cuddly/heartbound/config/gui/AutoConfigExtensions from archive D:\Project\Heart\Heartbound-Port\analysis\heartbound-named.jar
INFO:  Loading Class: com/cuddly/heartbound/client/rendering/TransformedPlayerAnimatable from archive D:\Project\Heart\Heartbound-Port\analysis\heartbound-named.jar
INFO:  Loading Class: com/cuddly/heartbound/entity/ai/goal/GirlChopTreesGoal from archive D:\Project\Heart\Heartbound-Port\analysis\heartbound-named.jar
INFO:  Loading Class: com/cuddly/heartbound/mixins/freecam/OptionsMixin from archive D:\Project\Heart\Heartbound-Port\analysis\heartbound-named.jar
INFO:  Loading Class: com/cuddly/heartbound/item/items/LoveBall from archive D:\Project\Heart\Heartbound-Port\analysis\heartbound-named.jar
INFO:  Loading Class: com/cuddly/heartbound/mixins/freecam/MultiPlayerGameModeMixin from archive D:\Project\Heart\Heartbound-Port\analysis\heartbound-named.jar
INFO:  Loading Class: com/cuddly/heartbound/advancement/criterion/BreakUpCriterion from archive D:\Project\Heart\Heartbound-Port\analysis\heartbound-named.jar
INFO:  Loading Class: com/cuddly/heartbound/util/HeartboundMessages from archive D:\Project\Heart\Heartbound-Port\analysis\heartbound-named.jar
INFO:  Loading Class: com/cuddly/heartbound/client/rendering/TransformedPlayerAnimatable$1 from archive D:\Project\Heart\Heartbound-Port\analysis\heartbound-named.jar
INFO:  Loading Class: com/cuddly/heartbound/mixins/transformation/InventoryScreenMixin from archive D:\Project\Heart\Heartbound-Port\analysis\heartbound-named.jar
INFO:  Loading Class: com/cuddly/heartbound/networking/C2S/TransformRevertC2SPacket from archive D:\Project\Heart\Heartbound-Port\analysis\heartbound-named.jar
INFO:  Loading Class: com/cuddly/heartbound/client/models/TransformedPlayerModel from archive D:\Project\Heart\Heartbound-Port\analysis\heartbound-named.jar
INFO:  Loading Class: com/cuddly/heartbound/networking/C2S/SetGUIOpenStateC2SPacket from archive D:\Project\Heart\Heartbound-Port\analysis\heartbound-named.jar
INFO:  Loading Class: com/cuddly/heartbound/entity/base/GirlEntity from archive D:\Project\Heart\Heartbound-Port\analysis\heartbound-named.jar
INFO:  Loading Class: com/cuddly/heartbound/networking/C2S/CumKeybindC2SPacket from archive D:\Project\Heart\Heartbound-Port\analysis\heartbound-named.jar
INFO:  Loading Class: com/cuddly/heartbound/util/inventory/GirlInventory$1 from archive D:\Project\Heart\Heartbound-Port\analysis\heartbound-named.jar
INFO:  Loading Class: com/cuddly/heartbound/client/GirlSceneClientHelper from archive D:\Project\Heart\Heartbound-Port\analysis\heartbound-named.jar
INFO:  Loading Class: com/cuddly/heartbound/client/gui/screen/TransformSceneScreen from archive D:\Project\Heart\Heartbound-Port\analysis\heartbound-named.jar
INFO:  Loading Class: com/cuddly/heartbound/freecam/tripod/TripodRegistry from archive D:\Project\Heart\Heartbound-Port\analysis\heartbound-named.jar
INFO:  Loading Class: com/cuddly/heartbound/util/EntityFlags from archive D:\Project\Heart\Heartbound-Port\analysis\heartbound-named.jar
INFO:  Loading Class: com/cuddly/heartbound/config/gui/BoundedContinuousImpl from archive D:\Project\Heart\Heartbound-Port\analysis\heartbound-named.jar
INFO:  Loading Class: com/cuddly/heartbound/config/ModConfig$Perspective from archive D:\Project\Heart\Heartbound-Port\analysis\heartbound-named.jar
INFO:  Loading Class: com/cuddly/heartbound/networking/C2S/StartSceneC2SPacket from archive D:\Project\Heart\Heartbound-Port\analysis\heartbound-named.jar
INFO:  Loading Class: com/cuddly/heartbound/client/rendering/renderers/JennyRenderer from archive D:\Project\Heart\Heartbound-Port\analysis\heartbound-named.jar
INFO:  Loading Class: com/cuddly/heartbound/entity/ai/goal/GirlSitGoal from archive D:\Project\Heart\Heartbound-Port\analysis\heartbound-named.jar
INFO:  Loading Class: com/cuddly/heartbound/entity/HeartboundEntities from archive D:\Project\Heart\Heartbound-Port\analysis\heartbound-named.jar
INFO:  Loading Class: com/cuddly/heartbound/advancement/criterion/FirstLoginCriterion from archive D:\Project\Heart\Heartbound-Port\analysis\heartbound-named.jar
INFO:  Loading Class: com/cuddly/heartbound/registries/HeartboundDispenserBehavior$1 from archive D:\Project\Heart\Heartbound-Port\analysis\heartbound-named.jar
INFO:  Loading Class: com/cuddly/heartbound/client/rendering/renderers/TransformedPlayerRenderer$1 from archive D:\Project\Heart\Heartbound-Port\analysis\heartbound-named.jar
INFO:  Loading Class: com/cuddly/heartbound/mixins/freecam/ClientPacketListenerMixin from archive D:\Project\Heart\Heartbound-Port\analysis\heartbound-named.jar
INFO:  Loading Class: com/cuddly/heartbound/config/ModConfig$PlayerConfig from archive D:\Project\Heart\Heartbound-Port\analysis\heartbound-named.jar
INFO:  Loading Class: com/cuddly/heartbound/util/variables/JiggleBoneConfig from archive D:\Project\Heart\Heartbound-Port\analysis\heartbound-named.jar
INFO:  Loading Class: com/cuddly/heartbound/networking/C2S/AnimationSyncC2SPacket$1 from archive D:\Project\Heart\Heartbound-Port\analysis\heartbound-named.jar
INFO:  Loading Class: com/cuddly/heartbound/jei/FusionRecipeCategory from archive D:\Project\Heart\Heartbound-Port\analysis\heartbound-named.jar
INFO:  Loading Class: com/cuddly/heartbound/util/ProfileFactory from archive D:\Project\Heart\Heartbound-Port\analysis\heartbound-named.jar
INFO:  Loading Class: com/cuddly/heartbound/advancement/criterion/CaptureLoveBallCriterion$Conditions from archive D:\Project\Heart\Heartbound-Port\analysis\heartbound-named.jar
INFO:  Loading Class: com/cuddly/heartbound/networking/C2S/ThrustKeybindC2SPacket$1 from archive D:\Project\Heart\Heartbound-Port\analysis\heartbound-named.jar
INFO:  Loading Class: com/cuddly/heartbound/client/models/CustomGirlModel from archive D:\Project\Heart\Heartbound-Port\analysis\heartbound-named.jar
INFO:  Loading Class: com/cuddly/heartbound/mixins/bugfix/ScreenHandlerMixin from archive D:\Project\Heart\Heartbound-Port\analysis\heartbound-named.jar
INFO:  Loading Class: com/cuddly/heartbound/registries/HeartboundHudRegistry from archive D:\Project\Heart\Heartbound-Port\analysis\heartbound-named.jar
INFO:  Loading Class: com/cuddly/heartbound/mixins/freecam/MinecraftMixin from archive D:\Project\Heart\Heartbound-Port\analysis\heartbound-named.jar
INFO:  Loading Class: com/cuddly/heartbound/config/gui/BoundedContinuous from archive D:\Project\Heart\Heartbound-Port\analysis\heartbound-named.jar
INFO:  Loading Class: com/cuddly/heartbound/registries/HeartboundSoundEventRegistry from archive D:\Project\Heart\Heartbound-Port\analysis\heartbound-named.jar
INFO:  Loading Class: com/cuddly/heartbound/client/rendering/renderers/TransformedPlayerRenderer$2 from archive D:\Project\Heart\Heartbound-Port\analysis\heartbound-named.jar
INFO:  Loading Class: com/cuddly/heartbound/mixins/transformation/ServerPlayerRespawnMixin from archive D:\Project\Heart\Heartbound-Port\analysis\heartbound-named.jar
INFO:  Loading Class: com/cuddly/heartbound/entity/HeartboundEntityStatuses from archive D:\Project\Heart\Heartbound-Port\analysis\heartbound-named.jar
INFO:  Loading Class: com/cuddly/heartbound/registries/HeartboundScreenHandlerRegistry from archive D:\Project\Heart\Heartbound-Port\analysis\heartbound-named.jar
INFO:  Loading Class: com/cuddly/heartbound/networking/S2C/ClothingArmorVisibilityS2CPacket from archive D:\Project\Heart\Heartbound-Port\analysis\heartbound-named.jar
INFO:  Loading Class: com/cuddly/heartbound/entity/base/GirlSceneEntity from archive D:\Project\Heart\Heartbound-Port\analysis\heartbound-named.jar
INFO:  Loading Class: com/cuddly/heartbound/util/Utils$BlockInfo from archive D:\Project\Heart\Heartbound-Port\analysis\heartbound-named.jar
INFO:  Loading Class: com/cuddly/heartbound/client/gui/screen/customize/CustomizeSection from archive D:\Project\Heart\Heartbound-Port\analysis\heartbound-named.jar
INFO:  Loading Class: com/cuddly/heartbound/networking/codec/ExtraPacketCodecs from archive D:\Project\Heart\Heartbound-Port\analysis\heartbound-named.jar
INFO:  Loading Class: com/cuddly/heartbound/client/models/EllieModel from archive D:\Project\Heart\Heartbound-Port\analysis\heartbound-named.jar
INFO:  Loading Class: com/cuddly/heartbound/screen/FeatureGroup$FeatureEntry from archive D:\Project\Heart\Heartbound-Port\analysis\heartbound-named.jar
INFO:  Loading Class: com/cuddly/heartbound/advancement/criterion/FirstLoginCriterion$Conditions from archive D:\Project\Heart\Heartbound-Port\analysis\heartbound-named.jar
INFO:  Loading Class: com/cuddly/heartbound/client/gui/screen/GirlInventoryScreen from archive D:\Project\Heart\Heartbound-Port\analysis\heartbound-named.jar
INFO:  Loading Class: com/cuddly/heartbound/jei/HeartboundJEIPlugin from archive D:\Project\Heart\Heartbound-Port\analysis\heartbound-named.jar
INFO:  Loading Class: com/cuddly/heartbound/util/variables/Scene from archive D:\Project\Heart\Heartbound-Port\analysis\heartbound-named.jar
INFO:  Loading Class: com/cuddly/heartbound/entity/girls/CustomGirlEntity from archive D:\Project\Heart\Heartbound-Port\analysis\heartbound-named.jar
INFO:  Loading Class: com/cuddly/heartbound/client/rendering/renderers/AbstractGirlRenderer from archive D:\Project\Heart\Heartbound-Port\analysis\heartbound-named.jar
INFO:  Loading Class: net/minecraft/client/render/entity/EntityRendererFactory$Context from archive D:\Project\Heart\Heartbound-Port\analysis\tools\minecraft-named.jar
INFO:  Loading Class: net/minecraft/client/render/entity/EntityRendererFactory from archive D:\Project\Heart\Heartbound-Port\analysis\tools\minecraft-named.jar
INFO:  Loading Class: net/minecraft/entity/attribute/DefaultAttributeContainer$Builder from archive D:\Project\Heart\Heartbound-Port\analysis\tools\minecraft-named.jar
INFO:  Loading Class: net/minecraft/entity/attribute/DefaultAttributeContainer from archive D:\Project\Heart\Heartbound-Port\analysis\tools\minecraft-named.jar
INFO:  Loading Class: java/lang/invoke/MethodHandles$Lookup from module java.base@21.0.12
INFO:  Loading Class: java/lang/invoke/MethodHandles from module java.base@21.0.12
INFO:  Loading Class: net/minecraft/block/AbstractBlock$AbstractBlockState from archive D:\Project\Heart\Heartbound-Port\analysis\tools\minecraft-named.jar
INFO:  Loading Class: net/minecraft/block/AbstractBlock from archive D:\Project\Heart\Heartbound-Port\analysis\tools\minecraft-named.jar
INFO:  Loading Class: net/minecraft/client/util/InputUtil$Type from archive D:\Project\Heart\Heartbound-Port\analysis\tools\minecraft-named.jar
INFO:  Loading Class: net/minecraft/client/util/InputUtil from archive D:\Project\Heart\Heartbound-Port\analysis\tools\minecraft-named.jar
INFO:  Loading Class: net/minecraft/item/Item$Settings from archive D:\Project\Heart\Heartbound-Port\analysis\tools\minecraft-named.jar
INFO:  Loading Class: net/minecraft/item/Item from archive D:\Project\Heart\Heartbound-Port\analysis\tools\minecraft-named.jar
INFO:  Loading Class: net/minecraft/client/render/VertexConsumerProvider$Immediate from archive D:\Project\Heart\Heartbound-Port\analysis\tools\minecraft-named.jar
INFO:  Loading Class: net/minecraft/client/render/VertexConsumerProvider from archive D:\Project\Heart\Heartbound-Port\analysis\tools\minecraft-named.jar
INFO:  Loading Class: net/minecraft/network/packet/CustomPayload$Id from archive D:\Project\Heart\Heartbound-Port\analysis\tools\minecraft-named.jar
INFO:  Loading Class: net/minecraft/network/packet/CustomPayload from archive D:\Project\Heart\Heartbound-Port\analysis\tools\minecraft-named.jar
INFO:  Loading Class: net/minecraft/client/gui/widget/ButtonWidget$PressAction from archive D:\Project\Heart\Heartbound-Port\analysis\tools\minecraft-named.jar
INFO:  Loading Class: net/minecraft/client/gui/widget/ButtonWidget from archive D:\Project\Heart\Heartbound-Port\analysis\tools\minecraft-named.jar
INFO:  Loading Class: net/minecraft/client/gui/widget/ButtonWidget$Builder from archive D:\Project\Heart\Heartbound-Port\analysis\tools\minecraft-named.jar
INFO:  Loading Class: me/shedaniel/autoconfig/annotation/ConfigEntry$Gui from archive C:\Users\Herta\.gradle\caches\modules-2\files-2.1\maven.modrinth\cloth-config\15.0.140+fabric\5d82342a2df53fd6df712bfdd583a811572918a4\cloth-config-15.0.140+fabric.jar
INFO:  Loading Class: me/shedaniel/autoconfig/annotation/ConfigEntry from archive C:\Users\Herta\.gradle\caches\modules-2\files-2.1\maven.modrinth\cloth-config\15.0.140+fabric\5d82342a2df53fd6df712bfdd583a811572918a4\cloth-config-15.0.140+fabric.jar
INFO:  Loading Class: me/shedaniel/autoconfig/annotation/ConfigEntry$Gui$Tooltip from archive C:\Users\Herta\.gradle\caches\modules-2\files-2.1\maven.modrinth\cloth-config\15.0.140+fabric\5d82342a2df53fd6df712bfdd583a811572918a4\cloth-config-15.0.140+fabric.jar
INFO:  Loading Class: java/util/Map$Entry from module java.base@21.0.12
INFO:  Loading Class: java/util/Map from module java.base@21.0.12
INFO:  Loading Class: net/minecraft/entity/ai/goal/Goal$Control from archive D:\Project\Heart\Heartbound-Port\analysis\tools\minecraft-named.jar
INFO:  Loading Class: net/minecraft/entity/ai/goal/Goal from archive D:\Project\Heart\Heartbound-Port\analysis\tools\minecraft-named.jar
INFO:  Loading Class: net/minecraft/advancement/criterion/AbstractCriterion$Conditions from archive D:\Project\Heart\Heartbound-Port\analysis\tools\minecraft-named.jar
INFO:  Loading Class: net/minecraft/advancement/criterion/AbstractCriterion from archive D:\Project\Heart\Heartbound-Port\analysis\tools\minecraft-named.jar
INFO:  Loading Class: net/fabricmc/fabric/api/object/builder/v1/block/entity/FabricBlockEntityTypeBuilder$Factory from archive D:\Project\Heart\Heartbound-Port\analysis\tools\fabric-modules\fabric-object-builder-api-v1-0.116.15.jar
INFO:  Loading Class: net/fabricmc/fabric/api/object/builder/v1/block/entity/FabricBlockEntityTypeBuilder from archive D:\Project\Heart\Heartbound-Port\analysis\tools\fabric-modules\fabric-object-builder-api-v1-0.116.15.jar
INFO:  Loading Class: net/minecraft/block/AbstractBlock$Settings from archive D:\Project\Heart\Heartbound-Port\analysis\tools\minecraft-named.jar
INFO:  Loading Class: net/minecraft/state/StateManager$Builder from archive D:\Project\Heart\Heartbound-Port\analysis\tools\minecraft-named.jar
INFO:  Loading Class: net/minecraft/state/StateManager from archive D:\Project\Heart\Heartbound-Port\analysis\tools\minecraft-named.jar
INFO:  Loading Class: net/minecraft/util/math/BlockPos$Mutable from archive D:\Project\Heart\Heartbound-Port\analysis\tools\minecraft-named.jar
INFO:  Loading Class: net/minecraft/util/math/BlockPos from archive D:\Project\Heart\Heartbound-Port\analysis\tools\minecraft-named.jar
INFO:  Loading Class: net/minecraft/entity/data/DataTracker$Builder from archive D:\Project\Heart\Heartbound-Port\analysis\tools\minecraft-named.jar
INFO:  Loading Class: net/minecraft/entity/data/DataTracker from archive D:\Project\Heart\Heartbound-Port\analysis\tools\minecraft-named.jar
INFO:  Loading Class: net/minecraft/registry/RegistryWrapper$WrapperLookup from archive D:\Project\Heart\Heartbound-Port\analysis\tools\minecraft-named.jar
INFO:  Loading Class: net/minecraft/registry/RegistryWrapper from archive D:\Project\Heart\Heartbound-Port\analysis\tools\minecraft-named.jar
INFO:  Loading Class: net/minecraft/entity/ai/brain/Brain$Profile from archive D:\Project\Heart\Heartbound-Port\analysis\tools\minecraft-named.jar
INFO:  Loading Class: net/minecraft/entity/ai/brain/Brain from archive D:\Project\Heart\Heartbound-Port\analysis\tools\minecraft-named.jar
INFO:  Loading Class: net/minecraft/registry/entry/RegistryEntry$Reference from archive D:\Project\Heart\Heartbound-Port\analysis\tools\minecraft-named.jar
INFO:  Loading Class: net/minecraft/registry/entry/RegistryEntry from archive D:\Project\Heart\Heartbound-Port\analysis\tools\minecraft-named.jar
INFO:  Loading Class: me/shedaniel/autoconfig/annotation/ConfigEntry$Gui$EnumHandler from archive C:\Users\Herta\.gradle\caches\modules-2\files-2.1\maven.modrinth\cloth-config\15.0.140+fabric\5d82342a2df53fd6df712bfdd583a811572918a4\cloth-config-15.0.140+fabric.jar
INFO:  Loading Class: me/shedaniel/autoconfig/annotation/ConfigEntry$Gui$EnumHandler$EnumDisplayOption from archive C:\Users\Herta\.gradle\caches\modules-2\files-2.1\maven.modrinth\cloth-config\15.0.140+fabric\5d82342a2df53fd6df712bfdd583a811572918a4\cloth-config-15.0.140+fabric.jar
INFO:  Loading Class: net/minecraft/network/codec/PacketCodec$ResultFunction from archive D:\Project\Heart\Heartbound-Port\analysis\tools\minecraft-named.jar
INFO:  Loading Class: net/minecraft/network/codec/PacketCodec from archive D:\Project\Heart\Heartbound-Port\analysis\tools\minecraft-named.jar
INFO:  Loading Class: me/shedaniel/clothconfig2/gui/entries/SelectionListEntry$Translatable from archive C:\Users\Herta\.gradle\caches\modules-2\files-2.1\maven.modrinth\cloth-config\15.0.140+fabric\5d82342a2df53fd6df712bfdd583a811572918a4\cloth-config-15.0.140+fabric.jar
INFO:  Loading Class: me/shedaniel/clothconfig2/gui/entries/SelectionListEntry from archive C:\Users\Herta\.gradle\caches\modules-2\files-2.1\maven.modrinth\cloth-config\15.0.140+fabric\5d82342a2df53fd6df712bfdd583a811572918a4\cloth-config-15.0.140+fabric.jar
INFO:  Loading Class: net/minecraft/predicate/entity/EntityPredicate$Builder from archive D:\Project\Heart\Heartbound-Port\analysis\tools\minecraft-named.jar
INFO:  Loading Class: net/minecraft/predicate/entity/EntityPredicate from archive D:\Project\Heart\Heartbound-Port\analysis\tools\minecraft-named.jar
INFO:  Loading Class: net/minecraft/client/gui/widget/ButtonWidget$NarrationSupplier from archive D:\Project\Heart\Heartbound-Port\analysis\tools\minecraft-named.jar
INFO:  Loading Class: net/minecraft/client/util/math/MatrixStack$Entry from archive D:\Project\Heart\Heartbound-Port\analysis\tools\minecraft-named.jar
INFO:  Loading Class: net/minecraft/client/util/math/MatrixStack from archive D:\Project\Heart\Heartbound-Port\analysis\tools\minecraft-named.jar
INFO:  Loading Class: net/minecraft/client/util/SkinTextures$Model from archive D:\Project\Heart\Heartbound-Port\analysis\tools\minecraft-named.jar
INFO:  Loading Class: net/minecraft/client/util/SkinTextures from archive D:\Project\Heart\Heartbound-Port\analysis\tools\minecraft-named.jar
INFO:  Loading Class: net/minecraft/server/command/CommandManager$RegistrationEnvironment from archive D:\Project\Heart\Heartbound-Port\analysis\tools\minecraft-named.jar
INFO:  Loading Class: net/minecraft/server/command/CommandManager from archive D:\Project\Heart\Heartbound-Port\analysis\tools\minecraft-named.jar
INFO:  Loading Class: net/minecraft/util/math/Direction$Type from archive D:\Project\Heart\Heartbound-Port\analysis\tools\minecraft-named.jar
INFO:  Loading Class: net/minecraft/util/math/Direction from archive D:\Project\Heart\Heartbound-Port\analysis\tools\minecraft-named.jar
INFO:  Loading Class: net/minecraft/network/packet/CustomPayload$Type from archive D:\Project\Heart\Heartbound-Port\analysis\tools\minecraft-named.jar
INFO:  Loading Class: net/fabricmc/fabric/api/networking/v1/ServerPlayNetworking$PlayPayloadHandler from archive D:\Project\Heart\Heartbound-Port\analysis\tools\fabric-modules\fabric-networking-api-v1-0.116.15.jar
INFO:  Loading Class: net/fabricmc/fabric/api/networking/v1/ServerPlayNetworking from archive D:\Project\Heart\Heartbound-Port\analysis\tools\fabric-modules\fabric-networking-api-v1-0.116.15.jar
INFO:  Loading Class: net/fabricmc/fabric/api/networking/v1/ServerPlayNetworking$Context from archive D:\Project\Heart\Heartbound-Port\analysis\tools\fabric-modules\fabric-networking-api-v1-0.116.15.jar
INFO:  Loading Class: net/minecraft/block/pattern/BlockPattern$Result from archive D:\Project\Heart\Heartbound-Port\analysis\tools\minecraft-named.jar
INFO:  Loading Class: net/minecraft/block/pattern/BlockPattern from archive D:\Project\Heart\Heartbound-Port\analysis\tools\minecraft-named.jar
INFO:  Loading Class: net/minecraft/item/Item$TooltipContext from archive D:\Project\Heart\Heartbound-Port\analysis\tools\minecraft-named.jar
INFO:  Loading Class: net/minecraft/text/Text$Serialization from archive D:\Project\Heart\Heartbound-Port\analysis\tools\minecraft-named.jar
INFO:  Loading Class: net/minecraft/text/Text from archive D:\Project\Heart\Heartbound-Port\analysis\tools\minecraft-named.jar
INFO:  Loading Class: me/shedaniel/autoconfig/serializer/ConfigSerializer$Factory from archive C:\Users\Herta\.gradle\caches\modules-2\files-2.1\maven.modrinth\cloth-config\15.0.140+fabric\5d82342a2df53fd6df712bfdd583a811572918a4\cloth-config-15.0.140+fabric.jar
INFO:  Loading Class: me/shedaniel/autoconfig/serializer/ConfigSerializer from archive C:\Users\Herta\.gradle\caches\modules-2\files-2.1\maven.modrinth\cloth-config\15.0.140+fabric\5d82342a2df53fd6df712bfdd583a811572918a4\cloth-config-15.0.140+fabric.jar
INFO:  Loading Class: me/shedaniel/autoconfig/annotation/ConfigEntry$Gui$Excluded from archive C:\Users\Herta\.gradle\caches\modules-2\files-2.1\maven.modrinth\cloth-config\15.0.140+fabric\5d82342a2df53fd6df712bfdd583a811572918a4\cloth-config-15.0.140+fabric.jar
INFO:  Loading Class: me/shedaniel/autoconfig/annotation/ConfigEntry$Gui$CollapsibleObject from archive C:\Users\Herta\.gradle\caches\modules-2\files-2.1\maven.modrinth\cloth-config\15.0.140+fabric\5d82342a2df53fd6df712bfdd583a811572918a4\cloth-config-15.0.140+fabric.jar
INFO:  Loading Class: vazkii/patchouli/api/PatchouliAPI$IPatchouliAPI from archive C:\Users\Herta\.gradle\caches\modules-2\files-2.1\vazkii.patchouli\Patchouli\1.21.1-93-FABRIC\693eb5235ccbcef67569bd62d6c5dd34c4d73459\Patchouli-1.21.1-93-FABRIC.jar
INFO:  Loading Class: vazkii/patchouli/api/PatchouliAPI from archive C:\Users\Herta\.gradle\caches\modules-2\files-2.1\vazkii.patchouli\Patchouli\1.21.1-93-FABRIC\693eb5235ccbcef67569bd62d6c5dd34c4d73459\Patchouli-1.21.1-93-FABRIC.jar
INFO:  Loading Class: net/minecraft/component/ComponentType$Builder from archive D:\Project\Heart\Heartbound-Port\analysis\tools\minecraft-named.jar
INFO:  Loading Class: net/minecraft/component/ComponentType from archive D:\Project\Heart\Heartbound-Port\analysis\tools\minecraft-named.jar
INFO:  Loading Class: net/fabricmc/fabric/api/client/networking/v1/ClientPlayNetworking$PlayPayloadHandler from archive D:\Project\Heart\Heartbound-Port\analysis\tools\fabric-modules\fabric-networking-api-v1-0.116.15.jar
INFO:  Loading Class: net/fabricmc/fabric/api/client/networking/v1/ClientPlayNetworking from archive D:\Project\Heart\Heartbound-Port\analysis\tools\fabric-modules\fabric-networking-api-v1-0.116.15.jar
INFO:  Loading Class: net/fabricmc/fabric/api/client/networking/v1/ClientPlayNetworking$Context from archive D:\Project\Heart\Heartbound-Port\analysis\tools\fabric-modules\fabric-networking-api-v1-0.116.15.jar
INFO:  Loading Class: net/minecraft/entity/Entity$RemovalReason from archive D:\Project\Heart\Heartbound-Port\analysis\tools\minecraft-named.jar
INFO:  Loading Class: net/minecraft/entity/Entity from archive D:\Project\Heart\Heartbound-Port\analysis\tools\minecraft-named.jar
INFO:  Loading Class: net/fabricmc/fabric/api/itemgroup/v1/ItemGroupEvents$ModifyEntries from archive D:\Project\Heart\Heartbound-Port\analysis\tools\fabric-modules\fabric-item-group-api-v1-0.116.15.jar
INFO:  Loading Class: net/fabricmc/fabric/api/itemgroup/v1/ItemGroupEvents from archive D:\Project\Heart\Heartbound-Port\analysis\tools\fabric-modules\fabric-item-group-api-v1-0.116.15.jar
INFO:  Loading Class: net/minecraft/item/ItemGroup$Entries from archive D:\Project\Heart\Heartbound-Port\analysis\tools\minecraft-named.jar
INFO:  Loading Class: net/minecraft/item/ItemGroup from archive D:\Project\Heart\Heartbound-Port\analysis\tools\minecraft-named.jar
INFO:  Loading Class: net/minecraft/item/ItemGroup$Builder from archive D:\Project\Heart\Heartbound-Port\analysis\tools\minecraft-named.jar
INFO:  Loading Class: net/minecraft/item/ItemGroup$EntryCollector from archive D:\Project\Heart\Heartbound-Port\analysis\tools\minecraft-named.jar
INFO:  Loading Class: net/minecraft/item/ItemGroup$DisplayContext from archive D:\Project\Heart\Heartbound-Port\analysis\tools\minecraft-named.jar
INFO:  Loading Class: net/fabricmc/fabric/api/networking/v1/ServerPlayConnectionEvents$Join from archive D:\Project\Heart\Heartbound-Port\analysis\tools\fabric-modules\fabric-networking-api-v1-0.116.15.jar
INFO:  Loading Class: net/fabricmc/fabric/api/networking/v1/ServerPlayConnectionEvents from archive D:\Project\Heart\Heartbound-Port\analysis\tools\fabric-modules\fabric-networking-api-v1-0.116.15.jar
INFO:  Loading Class: net/fabricmc/fabric/api/event/lifecycle/v1/ServerTickEvents$EndWorldTick from archive D:\Project\Heart\Heartbound-Port\analysis\tools\fabric-modules\fabric-lifecycle-events-v1-0.116.15.jar
INFO:  Loading Class: net/fabricmc/fabric/api/event/lifecycle/v1/ServerTickEvents from archive D:\Project\Heart\Heartbound-Port\analysis\tools\fabric-modules\fabric-lifecycle-events-v1-0.116.15.jar
INFO:  Loading Class: net/minecraft/client/util/InputUtil$Key from archive D:\Project\Heart\Heartbound-Port\analysis\tools\minecraft-named.jar
INFO:  Loading Class: net/minecraft/world/GameRules$Key from archive D:\Project\Heart\Heartbound-Port\analysis\tools\minecraft-named.jar
INFO:  Loading Class: net/minecraft/world/GameRules from archive D:\Project\Heart\Heartbound-Port\analysis\tools\minecraft-named.jar
INFO:  Loading Class: net/fabricmc/fabric/api/client/event/lifecycle/v1/ClientTickEvents$StartTick from archive D:\Project\Heart\Heartbound-Port\analysis\tools\fabric-modules\fabric-lifecycle-events-v1-0.116.15.jar
INFO:  Loading Class: net/fabricmc/fabric/api/client/event/lifecycle/v1/ClientTickEvents from archive D:\Project\Heart\Heartbound-Port\analysis\tools\fabric-modules\fabric-lifecycle-events-v1-0.116.15.jar
INFO:  Loading Class: net/fabricmc/fabric/api/client/event/lifecycle/v1/ClientTickEvents$EndTick from archive D:\Project\Heart\Heartbound-Port\analysis\tools\fabric-modules\fabric-lifecycle-events-v1-0.116.15.jar
INFO:  Loading Class: net/minecraft/client/gui/screen/ingame/HandledScreens$Provider from archive D:\Project\Heart\Heartbound-Port\analysis\tools\minecraft-named.jar
INFO:  Loading Class: net/minecraft/client/gui/screen/ingame/HandledScreens from archive D:\Project\Heart\Heartbound-Port\analysis\tools\minecraft-named.jar
INFO:  Loading Class: net/minecraft/world/PersistentState$Type from archive D:\Project\Heart\Heartbound-Port\analysis\tools\minecraft-named.jar
INFO:  Loading Class: net/minecraft/world/PersistentState from archive D:\Project\Heart\Heartbound-Port\analysis\tools\minecraft-named.jar
INFO:  Loading Class: net/minecraft/block/AbstractBlock$TypedContextPredicate from archive D:\Project\Heart\Heartbound-Port\analysis\tools\minecraft-named.jar
INFO:  Loading Class: software/bernie/geckolib/animation/AnimationController$AnimationStateHandler from archive C:\Users\Herta\.gradle\caches\modules-2\files-2.1\software.bernie.geckolib\geckolib-fabric-1.21.1\4.9.2\b95b1d631baeada54c6773ca8f6ede40d57fea46\geckolib-fabric-1.21.1-4.9.2.jar
INFO:  Loading Class: software/bernie/geckolib/animation/AnimationController from archive C:\Users\Herta\.gradle\caches\modules-2\files-2.1\software.bernie.geckolib\geckolib-fabric-1.21.1\4.9.2\b95b1d631baeada54c6773ca8f6ede40d57fea46\geckolib-fabric-1.21.1-4.9.2.jar
INFO:  Loading Class: software/bernie/geckolib/animation/AnimationController$SoundKeyframeHandler from archive C:\Users\Herta\.gradle\caches\modules-2\files-2.1\software.bernie.geckolib\geckolib-fabric-1.21.1\4.9.2\b95b1d631baeada54c6773ca8f6ede40d57fea46\geckolib-fabric-1.21.1-4.9.2.jar
INFO:  Loading Class: software/bernie/geckolib/animation/AnimatableManager$ControllerRegistrar from archive C:\Users\Herta\.gradle\caches\modules-2\files-2.1\software.bernie.geckolib\geckolib-fabric-1.21.1\4.9.2\b95b1d631baeada54c6773ca8f6ede40d57fea46\geckolib-fabric-1.21.1-4.9.2.jar
INFO:  Loading Class: software/bernie/geckolib/animation/AnimatableManager from archive C:\Users\Herta\.gradle\caches\modules-2\files-2.1\software.bernie.geckolib\geckolib-fabric-1.21.1\4.9.2\b95b1d631baeada54c6773ca8f6ede40d57fea46\geckolib-fabric-1.21.1-4.9.2.jar
INFO:  Loading Class: software/bernie/geckolib/animation/Animation$LoopType from archive C:\Users\Herta\.gradle\caches\modules-2\files-2.1\software.bernie.geckolib\geckolib-fabric-1.21.1\4.9.2\b95b1d631baeada54c6773ca8f6ede40d57fea46\geckolib-fabric-1.21.1-4.9.2.jar
INFO:  Loading Class: software/bernie/geckolib/animation/Animation from archive C:\Users\Herta\.gradle\caches\modules-2\files-2.1\software.bernie.geckolib\geckolib-fabric-1.21.1\4.9.2\b95b1d631baeada54c6773ca8f6ede40d57fea46\geckolib-fabric-1.21.1-4.9.2.jar
INFO:  Loading Class: software/bernie/geckolib/animation/AnimationController$State from archive C:\Users\Herta\.gradle\caches\modules-2\files-2.1\software.bernie.geckolib\geckolib-fabric-1.21.1\4.9.2\b95b1d631baeada54c6773ca8f6ede40d57fea46\geckolib-fabric-1.21.1-4.9.2.jar
INFO:  Loading Class: net/minecraft/entity/attribute/EntityAttributeModifier$Operation from archive D:\Project\Heart\Heartbound-Port\analysis\tools\minecraft-named.jar
INFO:  Loading Class: net/minecraft/entity/attribute/EntityAttributeModifier from archive D:\Project\Heart\Heartbound-Port\analysis\tools\minecraft-named.jar
INFO:  Loading Class: net/minecraft/world/GameRules$BooleanRule from archive D:\Project\Heart\Heartbound-Port\analysis\tools\minecraft-named.jar
INFO:  Loading Class: net/minecraft/entity/EntityType$EntityFactory from archive D:\Project\Heart\Heartbound-Port\analysis\tools\minecraft-named.jar
INFO:  Loading Class: net/minecraft/entity/EntityType from archive D:\Project\Heart\Heartbound-Port\analysis\tools\minecraft-named.jar
INFO:  Loading Class: net/minecraft/entity/EntityType$Builder from archive D:\Project\Heart\Heartbound-Port\analysis\tools\minecraft-named.jar
INFO:  Loading Class: me/shedaniel/autoconfig/annotation/ConfigEntry$ColorPicker from archive C:\Users\Herta\.gradle\caches\modules-2\files-2.1\maven.modrinth\cloth-config\15.0.140+fabric\5d82342a2df53fd6df712bfdd583a811572918a4\cloth-config-15.0.140+fabric.jar
INFO:  Loading Class: net/fabricmc/fabric/api/screenhandler/v1/ExtendedScreenHandlerType$ExtendedFactory from archive D:\Project\Heart\Heartbound-Port\analysis\tools\fabric-modules\fabric-screen-handler-api-v1-0.116.15.jar
INFO:  Loading Class: net/fabricmc/fabric/api/screenhandler/v1/ExtendedScreenHandlerType from archive D:\Project\Heart\Heartbound-Port\analysis\tools\fabric-modules\fabric-screen-handler-api-v1-0.116.15.jar
INFO:  Preprocessing class com/cuddly/heartbound/entity/girls/SlimeEntity
INFO:  Preprocessing class com/cuddly/heartbound/client/gui/screen/customize/LabelSection
INFO:  Preprocessing class com/cuddly/heartbound/mixins/transformation/PlayerRidingMixin
INFO:  Preprocessing class com/cuddly/heartbound/util/HeartboundIcons
INFO:  Preprocessing class com/cuddly/heartbound/config/keys/FreecamComboKeyMapping
INFO:  Preprocessing class com/cuddly/heartbound/mixins/freecam/BlockStateBaseMixin
INFO:  Preprocessing class com/cuddly/heartbound/client/rendering/renderers/KoboldRenderer
INFO:  Preprocessing class com/cuddly/heartbound/client/gui/screen/customize/SliderSection
INFO:  Preprocessing class com/cuddly/heartbound/item/items/XPill
INFO:     Loading Class: software/bernie/geckolib/renderer/GeoEntityRenderer from archive C:\Users\Herta\.gradle\caches\modules-2\files-2.1\software.bernie.geckolib\geckolib-fabric-1.21.1\4.9.2\b95b1d631baeada54c6773ca8f6ede40d57fea46\geckolib-fabric-1.21.1-4.9.2.jar
INFO:  Preprocessing class com/cuddly/heartbound/mixins/freecam/ItemInHandRendererMixin
INFO:  Preprocessing class com/cuddly/heartbound/entity/girls/AlyEntity
INFO:     Loading Class: net/minecraft/client/option/KeyBinding from archive D:\Project\Heart\Heartbound-Port\analysis\tools\minecraft-named.jar
INFO:     Loading Class: java/lang/Object from module java.base@21.0.12
INFO:     Loading Class: net/minecraft/entity/mob/PathAwareEntity from archive D:\Project\Heart\Heartbound-Port\analysis\tools\minecraft-named.jar
INFO:  Preprocessing class com/cuddly/heartbound/networking/C2S/ScenePhaseSyncC2SPacket
INFO:     Loading Class: java/lang/Record from module java.base@21.0.12
INFO:     Loading Class: net/minecraft/entity/mob/MobEntity from archive D:\Project\Heart\Heartbound-Port\analysis\tools\minecraft-named.jar
INFO:     Loading Class: net/minecraft/resource/featuretoggle/ToggleableFeature from archive D:\Project\Heart\Heartbound-Port\analysis\tools\minecraft-named.jar
INFO:     Loading Class: net/minecraft/client/texture/TextureTickListener from archive D:\Project\Heart\Heartbound-Port\analysis\tools\minecraft-named.jar
INFO:     Loading Class: net/minecraft/client/gui/widget/SliderWidget from archive D:\Project\Heart\Heartbound-Port\analysis\tools\minecraft-named.jar
INFO:     Loading Class: net/minecraft/item/ItemConvertible from archive D:\Project\Heart\Heartbound-Port\analysis\tools\minecraft-named.jar
INFO:     Loading Class: software/bernie/geckolib/renderer/GeoRenderer from archive C:\Users\Herta\.gradle\caches\modules-2\files-2.1\software.bernie.geckolib\geckolib-fabric-1.21.1\4.9.2\b95b1d631baeada54c6773ca8f6ede40d57fea46\geckolib-fabric-1.21.1-4.9.2.jar
INFO:     Loading Class: java/lang/Comparable from module java.base@21.0.12
INFO:     Loading Class: net/minecraft/client/gui/widget/ClickableWidget from archive D:\Project\Heart\Heartbound-Port\analysis\tools\minecraft-named.jar
INFO:     Loading Class: net/minecraft/client/gui/Drawable from archive D:\Project\Heart\Heartbound-Port\analysis\tools\minecraft-named.jar
INFO:     Loading Class: net/minecraft/client/gui/Element from archive D:\Project\Heart\Heartbound-Port\analysis\tools\minecraft-named.jar
INFO:     Loading Class: net/minecraft/client/gui/widget/Widget from archive D:\Project\Heart\Heartbound-Port\analysis\tools\minecraft-named.jar
INFO:     Loading Class: net/minecraft/client/gui/Selectable from archive D:\Project\Heart\Heartbound-Port\analysis\tools\minecraft-named.jar
INFO:     Loading Class: net/minecraft/client/gui/navigation/Navigable from archive D:\Project\Heart\Heartbound-Port\analysis\tools\minecraft-named.jar
INFO:     Loading Class: net/minecraft/client/gui/Narratable from archive D:\Project\Heart\Heartbound-Port\analysis\tools\minecraft-named.jar
INFO:     Loading Class: net/minecraft/entity/LivingEntity from archive D:\Project\Heart\Heartbound-Port\analysis\tools\minecraft-named.jar
INFO:     Loading Class: net/tslat/smartbrainlib/api/SmartBrainOwner from archive C:\Users\Herta\.gradle\caches\modules-2\files-2.1\maven.modrinth\smartbrainlib\1.16.11\3fb714d6ab54b88b32271825395660999fa0178f\smartbrainlib-1.16.11.jar
INFO:     Loading Class: net/minecraft/entity/Tameable from archive D:\Project\Heart\Heartbound-Port\analysis\tools\minecraft-named.jar
INFO:     Loading Class: software/bernie/geckolib/animatable/GeoEntity from archive C:\Users\Herta\.gradle\caches\modules-2\files-2.1\software.bernie.geckolib\geckolib-fabric-1.21.1\4.9.2\b95b1d631baeada54c6773ca8f6ede40d57fea46\geckolib-fabric-1.21.1-4.9.2.jar
INFO:     Loading Class: net/minecraft/entity/ai/RangedAttackMob from archive D:\Project\Heart\Heartbound-Port\analysis\tools\minecraft-named.jar
INFO:     Loading Class: software/bernie/geckolib/animatable/GeoAnimatable from archive C:\Users\Herta\.gradle\caches\modules-2\files-2.1\software.bernie.geckolib\geckolib-fabric-1.21.1\4.9.2\b95b1d631baeada54c6773ca8f6ede40d57fea46\geckolib-fabric-1.21.1-4.9.2.jar
INFO:     Loading Class: net/minecraft/entity/EquipmentHolder from archive D:\Project\Heart\Heartbound-Port\analysis\tools\minecraft-named.jar
INFO:     Loading Class: net/minecraft/entity/Leashable from archive D:\Project\Heart\Heartbound-Port\analysis\tools\minecraft-named.jar
INFO:     Loading Class: net/minecraft/entity/Targeter from archive D:\Project\Heart\Heartbound-Port\analysis\tools\minecraft-named.jar
INFO:     Loading Class: net/minecraft/entity/Attackable from archive D:\Project\Heart\Heartbound-Port\analysis\tools\minecraft-named.jar
INFO:     Loading Class: net/minecraft/entity/data/DataTracked from archive D:\Project\Heart\Heartbound-Port\analysis\tools\minecraft-named.jar
INFO:     Loading Class: net/minecraft/util/Nameable from archive D:\Project\Heart\Heartbound-Port\analysis\tools\minecraft-named.jar
INFO:     Loading Class: net/minecraft/world/entity/EntityLike from archive D:\Project\Heart\Heartbound-Port\analysis\tools\minecraft-named.jar
INFO:     Loading Class: net/minecraft/server/command/CommandOutput from archive D:\Project\Heart\Heartbound-Port\analysis\tools\minecraft-named.jar
INFO:     Loading Class: net/minecraft/scoreboard/ScoreHolder from archive D:\Project\Heart\Heartbound-Port\analysis\tools\minecraft-named.jar
INFO:  ... done
INFO:  ... done
INFO:  Preprocessing class com/cuddly/heartbound/util/variables/SceneType
INFO:     Loading Class: java/lang/Enum from module java.base@21.0.12
INFO:     Loading Class: java/lang/constant/Constable from module java.base@21.0.12
INFO:     Loading Class: java/io/Serializable from module java.base@21.0.12
INFO:  Preprocessing class com/cuddly/heartbound/client/gui/screen/customize/ButtonSection
INFO:  ... done
INFO:  Preprocessing class com/cuddly/heartbound/entity/base/wild/WildGirlEntity
INFO:  ... done
INFO:  Preprocessing class com/cuddly/heartbound/client/HeartboundKeybinds
INFO:  ... done
INFO:  Preprocessing class com/cuddly/heartbound/client/gui/screen/GirlFeatureScreen
INFO:     Loading Class: net/minecraft/client/gui/screen/Screen from archive D:\Project\Heart\Heartbound-Port\analysis\tools\minecraft-named.jar
INFO:     Loading Class: net/minecraft/client/gui/AbstractParentElement from archive D:\Project\Heart\Heartbound-Port\analysis\tools\minecraft-named.jar
INFO:     Loading Class: net/minecraft/client/gui/ParentElement from archive D:\Project\Heart\Heartbound-Port\analysis\tools\minecraft-named.jar
INFO:  ... done
INFO:  Preprocessing class com/cuddly/heartbound/util/inventory/GirlInventory
INFO:     Loading Class: net/minecraft/inventory/Inventory from archive D:\Project\Heart\Heartbound-Port\analysis\tools\minecraft-named.jar
INFO:  ... done
INFO:  Preprocessing class com/cuddly/heartbound/networking/C2S/AnimationSyncC2SPacket
INFO:     Loading Class: net/minecraft/network/codec/PacketDecoder from archive D:\Project\Heart\Heartbound-Port\analysis\tools\minecraft-named.jar
INFO:     Loading Class: net/minecraft/util/Clearable from archive D:\Project\Heart\Heartbound-Port\analysis\tools\minecraft-named.jar
INFO:     Loading Class: net/minecraft/network/codec/PacketEncoder from archive D:\Project\Heart\Heartbound-Port\analysis\tools\minecraft-named.jar
INFO:  ... done
INFO:  Preprocessing class com/cuddly/heartbound/networking/C2S/TransformStopSceneC2SPacket
INFO:  ... done
INFO:  Preprocessing class com/cuddly/heartbound/client/models/AbstractGirlModel
INFO:     Loading Class: software/bernie/geckolib/model/GeoModel from archive C:\Users\Herta\.gradle\caches\modules-2\files-2.1\software.bernie.geckolib\geckolib-fabric-1.21.1\4.9.2\b95b1d631baeada54c6773ca8f6ede40d57fea46\geckolib-fabric-1.21.1-4.9.2.jar
INFO:  ... done
INFO:  Preprocessing class com/cuddly/heartbound/client/gui/screen/KoboldCustomizeScreen
INFO:  ... done
INFO:  Preprocessing class com/cuddly/heartbound/entity/ai/goal/GirlBowAttackGoal
INFO:  ... done
INFO:  Preprocessing class com/cuddly/heartbound/util/variables/BlockEntry
INFO:  ... done
INFO:  Preprocessing class com/cuddly/heartbound/mixins/freecam/EntityRenderDispatcherMixin
INFO:  ... done
INFO:  Preprocessing class com/cuddly/heartbound/config/gui/ModBindingsConfig
INFO:     Loading Class: java/lang/annotation/Annotation from module java.base@21.0.12
INFO:  ... done
INFO:  Preprocessing class com/cuddly/heartbound/block/entity/HeartboundBlockEntities
INFO:  ... done
INFO:  Preprocessing class com/cuddly/heartbound/networking/C2S/RemovePreviewEntityC2SPacket
INFO:  ... done
INFO:  Preprocessing class com/cuddly/heartbound/util/rendering/JigglePhysics
INFO:  ... done
INFO:  Preprocessing class com/cuddly/heartbound/util/ScreenUtils
INFO:  ... done
INFO:  Preprocessing class com/cuddly/heartbound/util/rendering/UVOffsetVertexConsumer
INFO:     Loading Class: net/minecraft/client/render/VertexConsumer from archive D:\Project\Heart\Heartbound-Port\analysis\tools\minecraft-named.jar
INFO:  ... done
INFO:  Preprocessing class com/cuddly/heartbound/networking/S2C/TransformSceneOptionsS2CPacket
INFO:  ... done
INFO:  Preprocessing class com/cuddly/heartbound/block/blocks/LittedMagicalPumpkinBlock
INFO:     Loading Class: net/minecraft/block/HorizontalFacingBlock from archive D:\Project\Heart\Heartbound-Port\analysis\tools\minecraft-named.jar
INFO:     Loading Class: net/minecraft/block/Block from archive D:\Project\Heart\Heartbound-Port\analysis\tools\minecraft-named.jar
INFO:  ... done
INFO:  Preprocessing class com/cuddly/heartbound/util/rendering/UnlitNormalVertexConsumer
INFO:  ... done
INFO:  Preprocessing class com/cuddly/heartbound/registries/GirlRegistry
INFO:  ... done
INFO:  Preprocessing class com/cuddly/heartbound/client/gui/screen/hud/SceneProgressOverlay
INFO:  ... done
INFO:  Preprocessing class com/cuddly/heartbound/networking/C2S/TransformSceneKeybindC2SPacket
INFO:  ... done
INFO:  Preprocessing class com/cuddly/heartbound/client/gui/screen/GirlSceneScreen
INFO:  ... done
INFO:  Preprocessing class com/cuddly/heartbound/util/inventory/slot/InclusiveSlot
INFO:     Loading Class: net/minecraft/screen/slot/Slot from archive D:\Project\Heart\Heartbound-Port\analysis\tools\minecraft-named.jar
INFO:  ... done
INFO:  Preprocessing class com/cuddly/heartbound/entity/girls/JennyEntity
INFO:  ... done
INFO:  Preprocessing class com/cuddly/heartbound/freecam/Motion
INFO:  ... done
INFO:  Preprocessing class com/cuddly/heartbound/entity/ai/goal/StationaryContactGoal
INFO:  ... done
INFO:  Preprocessing class com/cuddly/heartbound/item/HeartboundItems
INFO:  ... done
INFO:  Preprocessing class com/cuddly/heartbound/entity/ai/goal/GirlRoamAtBaseGoal
INFO:  ... done
INFO:  Preprocessing class com/cuddly/heartbound/mixins/freecam/BubbleColumnAmbientSoundHandlerMixin
INFO:  ... done
INFO:  Preprocessing class com/cuddly/heartbound/registries/SpawnEggColors
INFO:  ... done
INFO:  Preprocessing class com/cuddly/heartbound/networking/C2S/InventoryButtonC2SPacket
INFO:  ... done
INFO:  Preprocessing class com/cuddly/heartbound/mixins/freecam/EntityMixin
INFO:  ... done
INFO:  Preprocessing class com/cuddly/heartbound/entity/ai/goal/GirlStayNearBaseGoal
INFO:  ... done
INFO:  Preprocessing class com/cuddly/heartbound/client/rendering/renderers/CustomGirlRenderer
INFO:  ... done
INFO:  Preprocessing class com/cuddly/heartbound/entity/girls/KoboldEntity
INFO:  ... done
INFO:  Preprocessing class com/cuddly/heartbound/entity/girls/CoppieEntity
INFO:  ... done
INFO:  ... done
INFO:  Preprocessing class com/cuddly/heartbound/mixins/geckolib/GeoBoneMixin
INFO:  Preprocessing class com/cuddly/heartbound/advancement/criterion/HeartboundCriteria
INFO:  ... done
INFO:  Preprocessing class com/cuddly/heartbound/advancement/criterion/KillGirlCriterion
INFO:     Loading Class: net/minecraft/advancement/criterion/Criterion from archive D:\Project\Heart\Heartbound-Port\analysis\tools\minecraft-named.jar
INFO:     Loading Class: net/minecraft/advancement/criterion/CriterionConditions from archive D:\Project\Heart\Heartbound-Port\analysis\tools\minecraft-named.jar
INFO:  ... done
INFO:  Preprocessing class com/cuddly/heartbound/entity/ai/brain/GirlMemoryTypes
INFO:  ... done
INFO:  Preprocessing class com/cuddly/heartbound/client/gui/screen/customize/WarmTextFieldWidget
INFO:     Loading Class: net/minecraft/client/gui/widget/TextFieldWidget from archive D:\Project\Heart\Heartbound-Port\analysis\tools\minecraft-named.jar
INFO:  ... done
INFO:  Preprocessing class com/cuddly/heartbound/transformation/TransformSceneRegistry
INFO:  ... done
INFO:  Preprocessing class com/cuddly/heartbound/advancement/criterion/CaptureMasterRingCriterion
INFO:  ... done
INFO:  Preprocessing class com/cuddly/heartbound/freecam/tripod/TripodSlot
INFO:  ... done
INFO:  Preprocessing class com/cuddly/heartbound/client/gui/screen/customize/Vec3dInputSection
INFO:  ... done
INFO:  Preprocessing class com/cuddly/heartbound/block/entity/entities/FusionTableBlockEntity
INFO:     Loading Class: net/minecraft/block/entity/BlockEntity from archive D:\Project\Heart\Heartbound-Port\analysis\tools\minecraft-named.jar
INFO:     Loading Class: net/fabricmc/fabric/api/screenhandler/v1/ExtendedScreenHandlerFactory from archive D:\Project\Heart\Heartbound-Port\analysis\tools\fabric-modules\fabric-screen-handler-api-v1-0.116.15.jar
INFO:  ... done
INFO:  Preprocessing class com/cuddly/heartbound/client/gui/screen/CategorySelectionScreen
INFO:  ... done
INFO:  Preprocessing class com/cuddly/heartbound/util/SceneKeyframeEventReloader
INFO:     Loading Class: net/fabricmc/fabric/api/resource/SimpleSynchronousResourceReloadListener from archive D:\Project\Heart\Heartbound-Port\analysis\tools\fabric-modules\fabric-resource-loader-v0-0.116.15.jar
INFO:     Loading Class: net/fabricmc/fabric/api/resource/IdentifiableResourceReloadListener from archive D:\Project\Heart\Heartbound-Port\analysis\tools\fabric-modules\fabric-resource-loader-v0-0.116.15.jar
INFO:  ... done
INFO:  Preprocessing class com/cuddly/heartbound/client/rendering/renderers/AlyRenderer
INFO:  ... done
INFO:  Preprocessing class com/cuddly/heartbound/entity/base/tamable/BaseGirlEntityAI
INFO:  ... done
INFO:  Preprocessing class com/cuddly/heartbound/entity/ai/goal/GirlDefendBaseGoal
INFO:     Loading Class: net/minecraft/entity/ai/goal/TrackTargetGoal from archive D:\Project\Heart\Heartbound-Port\analysis\tools\minecraft-named.jar
INFO:  ... done
INFO:  Preprocessing class com/cuddly/heartbound/item/CustomGirlSpawnEggItem
INFO:  ... done
INFO:  Preprocessing class com/cuddly/heartbound/networking/C2S/TransformStartSceneC2SPacket
INFO:  ... done
INFO:  Preprocessing class com/cuddly/heartbound/networking/S2C/PlayAttackAnimationS2CPacket
INFO:  ... done
INFO:  Preprocessing class com/cuddly/heartbound/entity/girls/EllieEntity
INFO:  ... done
INFO:  Preprocessing class com/cuddly/heartbound/networking/C2S/RegisterCustomGirlSoundC2SPacket
INFO:  ... done
INFO:  Preprocessing class com/cuddly/heartbound/networking/C2S/RegisterCustomGirlMessageC2SPacket
INFO:  ... done
INFO:  Preprocessing class com/cuddly/heartbound/networking/S2C/OpenKoboldCustomizeScreenS2CPacket
INFO:  ... done
INFO:  Preprocessing class com/cuddly/heartbound/entity/ai/pathing/GirlNavigation
INFO:     Loading Class: net/minecraft/entity/ai/pathing/MobNavigation from archive D:\Project\Heart\Heartbound-Port\analysis\tools\minecraft-named.jar
INFO:     Loading Class: net/minecraft/entity/ai/pathing/EntityNavigation from archive D:\Project\Heart\Heartbound-Port\analysis\tools\minecraft-named.jar
INFO:  ... done
INFO:  Preprocessing class com/cuddly/heartbound/networking/C2S/KoboldCustomizeC2SPacket
INFO:  ... done
INFO:  Preprocessing class com/cuddly/heartbound/networking/S2C/PlayCumHudAnimationS2CPacket
INFO:  ... done
INFO:  Preprocessing class com/cuddly/heartbound/mixins/freecam/LocalPlayerMixin
INFO:  ... done
INFO:  Preprocessing class com/cuddly/heartbound/networking/S2C/RunAnimEventsS2CPacket
INFO:  ... done
INFO:  Preprocessing class com/cuddly/heartbound/config/ModBindings
INFO:  ... done
INFO:  Preprocessing class com/cuddly/heartbound/util/inventory/slot/PublicArmorSlot
INFO:  ... done
INFO:  Preprocessing class com/cuddly/heartbound/networking/C2S/PlayerAnimLockC2SPacket
INFO:  ... done
INFO:  Preprocessing class com/cuddly/heartbound/util/HeartboundLangUtils
INFO:  ... done
INFO:  Preprocessing class com/cuddly/heartbound/client/rendering/renderers/CoppieRenderer
INFO:  ... done
INFO:  Preprocessing class com/cuddly/heartbound/networking/S2C/RefreshModelsS2CPacket
INFO:  ... done
INFO:  Preprocessing class com/cuddly/heartbound/networking/C2S/AnimationFinishC2SPacket
INFO:  ... done
INFO:  Preprocessing class com/cuddly/heartbound/networking/C2S/TransformAnimationFinishC2SPacket
INFO:  ... done
INFO:  Preprocessing class com/cuddly/heartbound/util/rendering/GeoBoneExtension
INFO:  ... done
INFO:  Preprocessing class com/cuddly/heartbound/mixins/freecam/GameRendererMixin
INFO:  ... done
INFO:  Preprocessing class com/cuddly/heartbound/registries/HeartboundTrackedDataRegistry
INFO:  ... done
INFO:  Preprocessing class com/cuddly/heartbound/registries/HeartboundDispenserBehavior
INFO:     Loading Class: net/minecraft/block/dispenser/FallibleItemDispenserBehavior from archive D:\Project\Heart\Heartbound-Port\analysis\tools\minecraft-named.jar
INFO:     Loading Class: net/minecraft/block/dispenser/ItemDispenserBehavior from archive D:\Project\Heart\Heartbound-Port\analysis\tools\minecraft-named.jar
INFO:     Loading Class: net/minecraft/block/dispenser/DispenserBehavior from archive D:\Project\Heart\Heartbound-Port\analysis\tools\minecraft-named.jar
INFO:  ... done
INFO:  Preprocessing class com/cuddly/heartbound/config/gui/DoubleSliderEntry
INFO:     Loading Class: me/shedaniel/clothconfig2/gui/entries/TooltipListEntry from archive C:\Users\Herta\.gradle\caches\modules-2\files-2.1\maven.modrinth\cloth-config\15.0.140+fabric\5d82342a2df53fd6df712bfdd583a811572918a4\cloth-config-15.0.140+fabric.jar
INFO:     Loading Class: me/shedaniel/clothconfig2/api/AbstractConfigListEntry from archive C:\Users\Herta\.gradle\caches\modules-2\files-2.1\maven.modrinth\cloth-config\15.0.140+fabric\5d82342a2df53fd6df712bfdd583a811572918a4\cloth-config-15.0.140+fabric.jar
INFO:     Loading Class: me/shedaniel/clothconfig2/api/AbstractConfigEntry from archive C:\Users\Herta\.gradle\caches\modules-2\files-2.1\maven.modrinth\cloth-config\15.0.140+fabric\5d82342a2df53fd6df712bfdd583a811572918a4\cloth-config-15.0.140+fabric.jar
INFO:     Loading Class: me/shedaniel/clothconfig2/gui/widget/DynamicElementListWidget$ElementEntry from archive C:\Users\Herta\.gradle\caches\modules-2\files-2.1\maven.modrinth\cloth-config\15.0.140+fabric\5d82342a2df53fd6df712bfdd583a811572918a4\cloth-config-15.0.140+fabric.jar
INFO:     Loading Class: me/shedaniel/clothconfig2/gui/widget/DynamicEntryListWidget$Entry from archive C:\Users\Herta\.gradle\caches\modules-2\files-2.1\maven.modrinth\cloth-config\15.0.140+fabric\5d82342a2df53fd6df712bfdd583a811572918a4\cloth-config-15.0.140+fabric.jar
INFO:  ... done
INFO:  Preprocessing class com/cuddly/heartbound/entity/ai/goal/GirlPickupMobDropsGoal
INFO:     Loading Class: me/shedaniel/clothconfig2/api/ReferenceProvider from archive C:\Users\Herta\.gradle\caches\modules-2\files-2.1\maven.modrinth\cloth-config\15.0.140+fabric\5d82342a2df53fd6df712bfdd583a811572918a4\cloth-config-15.0.140+fabric.jar
INFO:     Loading Class: me/shedaniel/clothconfig2/api/ValueHolder from archive C:\Users\Herta\.gradle\caches\modules-2\files-2.1\maven.modrinth\cloth-config\15.0.140+fabric\5d82342a2df53fd6df712bfdd583a811572918a4\cloth-config-15.0.140+fabric.jar
INFO:     Loading Class: me/shedaniel/clothconfig2/api/TickableWidget from archive C:\Users\Herta\.gradle\caches\modules-2\files-2.1\maven.modrinth\cloth-config\15.0.140+fabric\5d82342a2df53fd6df712bfdd583a811572918a4\cloth-config-15.0.140+fabric.jar
INFO:     Loading Class: me/shedaniel/clothconfig2/api/HideableWidget from archive C:\Users\Herta\.gradle\caches\modules-2\files-2.1\maven.modrinth\cloth-config\15.0.140+fabric\5d82342a2df53fd6df712bfdd583a811572918a4\cloth-config-15.0.140+fabric.jar
INFO:     Loading Class: me/shedaniel/clothconfig2/api/DisableableWidget from archive C:\Users\Herta\.gradle\caches\modules-2\files-2.1\maven.modrinth\cloth-config\15.0.140+fabric\5d82342a2df53fd6df712bfdd583a811572918a4\cloth-config-15.0.140+fabric.jar
INFO:  ... done
INFO:  Preprocessing class com/cuddly/heartbound/networking/S2C/OpenCustomizeScreenS2CPacket
INFO:  ... done
INFO:  Preprocessing class com/cuddly/heartbound/client/models/JennyModel
INFO:  ... done
INFO:  Preprocessing class com/cuddly/heartbound/client/gui/screen/customize/WarmButtonWidget
INFO:     Loading Class: net/minecraft/client/gui/widget/PressableWidget from archive D:\Project\Heart\Heartbound-Port\analysis\tools\minecraft-named.jar
INFO:           Loading Class: java/io/InputStreamReader from module java.base@21.0.12
INFO:           Loading Class: java/io/Reader from module java.base@21.0.12
INFO:           Loading Class: java/lang/Readable from module java.base@21.0.12
INFO:           Loading Class: java/io/Closeable from module java.base@21.0.12
INFO:  ... done
INFO:  Preprocessing class com/cuddly/heartbound/client/rendering/layers/BoneOverrideRenderLayer
INFO:     Loading Class: software/bernie/geckolib/renderer/layer/GeoRenderLayer from archive C:\Users\Herta\.gradle\caches\modules-2\files-2.1\software.bernie.geckolib\geckolib-fabric-1.21.1\4.9.2\b95b1d631baeada54c6773ca8f6ede40d57fea46\geckolib-fabric-1.21.1-4.9.2.jar
INFO:  ... done
INFO:  Preprocessing class com/cuddly/heartbound/client/rendering/renderers/TransformedPlayerRenderer
INFO:     Loading Class: software/bernie/geckolib/renderer/GeoReplacedEntityRenderer from archive C:\Users\Herta\.gradle\caches\modules-2\files-2.1\software.bernie.geckolib\geckolib-fabric-1.21.1\4.9.2\b95b1d631baeada54c6773ca8f6ede40d57fea46\geckolib-fabric-1.21.1-4.9.2.jar
INFO:     Loading Class: software/bernie/geckolib/renderer/layer/BlockAndItemGeoLayer from archive C:\Users\Herta\.gradle\caches\modules-2\files-2.1\software.bernie.geckolib\geckolib-fabric-1.21.1\4.9.2\b95b1d631baeada54c6773ca8f6ede40d57fea46\geckolib-fabric-1.21.1-4.9.2.jar
INFO:  ... done
INFO:  Preprocessing class com/cuddly/heartbound/command/GirlsCommand
INFO:  ... done
INFO:  Preprocessing class com/cuddly/heartbound/networking/C2S/PlayerStripStartC2SPacket
INFO:  ... done
INFO:  Preprocessing class com/cuddly/heartbound/jei/FusionRecipe
INFO:  ... done
INFO:  Preprocessing class com/cuddly/heartbound/util/json/CustomGirlLoader
INFO:  ... done
INFO:  Preprocessing class com/cuddly/heartbound/util/Utils
INFO:  ... done
INFO:  Preprocessing class com/cuddly/heartbound/entity/ai/goal/GirlTrackOwnerAttackerGoal
INFO:  ... done
INFO:  Preprocessing class com/cuddly/heartbound/block/blocks/FusionTableBlock
INFO:     Loading Class: net/minecraft/block/BlockWithEntity from archive D:\Project\Heart\Heartbound-Port\analysis\tools\minecraft-named.jar
INFO:     Loading Class: net/minecraft/block/BlockEntityProvider from archive D:\Project\Heart\Heartbound-Port\analysis\tools\minecraft-named.jar
INFO:           Loading Class: java/util/stream/Stream from module java.base@21.0.12
INFO:           Loading Class: java/util/stream/BaseStream from module java.base@21.0.12
INFO:  ... done
INFO:  Preprocessing class com/cuddly/heartbound/entity/ai/goal/GirlFollowOwnerGoal
INFO:           Loading Class: java/nio/file/Path from module java.base@21.0.12
INFO:  ... done
INFO:  Preprocessing class com/cuddly/heartbound/client/models/BeeModel
INFO:  ... done
INFO:  Preprocessing class com/cuddly/heartbound/networking/HeartboundPackets
INFO:  ... done
INFO:  Preprocessing class com/cuddly/heartbound/block/blocks/MagicalPumpkinBlock
INFO:           Loading Class: java/util/function/Predicate from module java.base@21.0.12
INFO:  ... done
INFO:  Preprocessing class com/cuddly/heartbound/item/items/MasterRing
INFO:  ... done
INFO:  Preprocessing class com/cuddly/heartbound/entity/girls/BiaEntity
INFO:  ... done
INFO:  Preprocessing class com/cuddly/heartbound/freecam/FreecamPosition
INFO:  ... done
INFO:  Preprocessing class com/cuddly/heartbound/screen/FeatureGroup
INFO:  ... done
INFO:  Preprocessing class com/cuddly/heartbound/client/rendering/renderers/SlimeRenderer
INFO:  ... done
INFO:  Preprocessing class com/cuddly/heartbound/screen/GirlInventoryScreenHandlerFactory
INFO:  ... done
INFO:  Preprocessing class com/cuddly/heartbound/entity/ai/goal/GirlMineOresGoal
INFO:  ... done
INFO:  Preprocessing class com/cuddly/heartbound/util/json/CustomGirlParser
INFO:  ... done
INFO:  Preprocessing class com/cuddly/heartbound/networking/S2C/SceneOptionsS2CPacket
INFO:  ... done
INFO:  Preprocessing class com/cuddly/heartbound/entity/ai/goal/GirlDepositItemsGoal
INFO:  ... done
INFO:  Preprocessing class com/cuddly/heartbound/config/ModConfig
INFO:     Loading Class: me/shedaniel/autoconfig/ConfigData from archive C:\Users\Herta\.gradle\caches\modules-2\files-2.1\maven.modrinth\cloth-config\15.0.140+fabric\5d82342a2df53fd6df712bfdd583a811572918a4\cloth-config-15.0.140+fabric.jar
INFO:  ... done
INFO:  Preprocessing class com/cuddly/heartbound/screen/FusionTableScreenHandler
INFO:     Loading Class: net/minecraft/screen/ScreenHandler from archive D:\Project\Heart\Heartbound-Port\analysis\tools\minecraft-named.jar
INFO:  ... done
INFO:  Preprocessing class com/cuddly/heartbound/client/rendering/renderers/BiaRenderer
INFO:  ... done
INFO:  Preprocessing class com/cuddly/heartbound/config/keys/HoldAction
INFO:  ... done
INFO:  Preprocessing class com/cuddly/heartbound/mixins/freecam/EntityRendererMixin
INFO:  ... done
INFO:  Preprocessing class com/cuddly/heartbound/util/json/SceneKeyframeEventLoader
INFO:           Loading Class: net/minecraft/resource/ResourceManager from archive D:\Project\Heart\Heartbound-Port\analysis\tools\minecraft-named.jar
INFO:  ... done
INFO:  Preprocessing class com/cuddly/heartbound/screen/InventoryButtonAction
INFO:  ... done
INFO:  Preprocessing class com/cuddly/heartbound/util/rendering/OffsetVertexConsumer
INFO:  ... done
INFO:  Preprocessing class com/cuddly/heartbound/mixins/freecam/LivingEntityMixin
INFO:  ... done
INFO:  Preprocessing class com/cuddly/heartbound/client/models/CoppieModel
INFO:  ... done
INFO:  Preprocessing class com/cuddly/heartbound/client/ClientUtils
INFO:  ... done
INFO:  Preprocessing class com/cuddly/heartbound/entity/ai/goal/ConditionalGoal
INFO:  ... done
INFO:  Preprocessing class com/cuddly/heartbound/entity/ai/goal/GirlAttackWithOwnerGoal
INFO:  ... done
INFO:  Preprocessing class com/cuddly/heartbound/item/items/HeartGuide
INFO:  ... done
INFO:  Preprocessing class com/cuddly/heartbound/networking/C2S/RegisterCustomGirlRandomSoundC2SPacket
INFO:  ... done
INFO:  Preprocessing class com/cuddly/heartbound/entity/ai/pathing/GirlPathNodeMaker
INFO:     Loading Class: net/minecraft/entity/ai/pathing/LandPathNodeMaker from archive D:\Project\Heart\Heartbound-Port\analysis\tools\minecraft-named.jar
INFO:  ... done
INFO:  Preprocessing class com/cuddly/heartbound/client/rendering/TransformedPlayerRenderManager
INFO:     Loading Class: net/minecraft/entity/ai/pathing/PathNodeMaker from archive D:\Project\Heart\Heartbound-Port\analysis\tools\minecraft-named.jar
INFO:  ... done
INFO:  Preprocessing class com/cuddly/heartbound/client/rendering/renderers/BeeRenderer
INFO:  ... done
INFO:  Preprocessing class com/cuddly/heartbound/screen/GirlInventoryScreenHandler
INFO:  ... done
INFO:  Preprocessing class com/cuddly/heartbound/component/HeartboundDataComponentTypes
INFO:  ... done
INFO:  Preprocessing class com/cuddly/heartbound/networking/HeartboundClientPackets
INFO:  ... done
INFO:  Preprocessing class com/cuddly/heartbound/command/Commands
INFO:  ... done
INFO:  Preprocessing class com/cuddly/heartbound/networking/C2S/TransformThrustKeyframeC2SPacket
INFO:  ... done
INFO:  Preprocessing class com/cuddly/heartbound/entity/ai/goal/GirlMeleeAttackGoal
INFO:     Loading Class: net/minecraft/entity/ai/goal/MeleeAttackGoal from archive D:\Project\Heart\Heartbound-Port\analysis\tools\minecraft-named.jar
INFO:  ... done
INFO:  Preprocessing class com/cuddly/heartbound/util/variables/AIMode
INFO:  ... done
INFO:  Preprocessing class com/cuddly/heartbound/advancement/criterion/MaxRelationshipCriterion
INFO:  ... done
INFO:  Preprocessing class com/cuddly/heartbound/client/models/AlyModel
INFO:  ... done
INFO:  Preprocessing class com/cuddly/heartbound/client/gui/screen/GirlSelectionScreen
INFO:     Loading Class: java/util/LinkedHashMap from module java.base@21.0.12
INFO:     Loading Class: java/util/HashMap from module java.base@21.0.12
INFO:     Loading Class: java/util/SequencedMap from module java.base@21.0.12
INFO:     Loading Class: java/util/AbstractMap from module java.base@21.0.12
INFO:     Loading Class: java/lang/Cloneable from module java.base@21.0.12
INFO:  ... done
INFO:  Preprocessing class com/cuddly/heartbound/freecam/FreeCamera
INFO:     Loading Class: net/minecraft/client/network/ClientPlayerEntity from archive D:\Project\Heart\Heartbound-Port\analysis\tools\minecraft-named.jar
INFO:     Loading Class: net/minecraft/client/network/AbstractClientPlayerEntity from archive D:\Project\Heart\Heartbound-Port\analysis\tools\minecraft-named.jar
INFO:     Loading Class: net/minecraft/entity/player/PlayerEntity from archive D:\Project\Heart\Heartbound-Port\analysis\tools\minecraft-named.jar
INFO:  ... done
INFO:  Preprocessing class com/cuddly/heartbound/config/keys/FreecamKeyMapping
INFO:  ... done
INFO:  Preprocessing class com/cuddly/heartbound/registries/SceneKeyframeEventRegistry
INFO:  ... done
INFO:  Preprocessing class com/cuddly/heartbound/config/keys/FreecamKeyMappingBuilder
INFO:  ... done
INFO:  Preprocessing class com/cuddly/heartbound/client/models/BiaModel
INFO:  ... done
INFO:  Preprocessing class com/cuddly/heartbound/item/HeartboundItemGroups
INFO:  ... done
INFO:  Preprocessing class com/cuddly/heartbound/mixins/transformation/PlayerTransformationMixin
INFO:  ... done
INFO:  Preprocessing class com/cuddly/heartbound/entity/ai/goal/StopMovementGoal
INFO:  ... done
INFO:  ... done
INFO:  Preprocessing class com/cuddly/heartbound/client/models/KoboldModel
INFO:  Preprocessing class com/cuddly/heartbound/networking/C2S/PlayerStripToggleC2SPacket
INFO:  ... done
INFO:  Preprocessing class com/cuddly/heartbound/registries/InventoryButtonRegistry
INFO:  ... done
INFO:  Preprocessing class com/cuddly/heartbound/client/gui/screen/GirlCustomizeScreen
INFO:  ... done
INFO:  Preprocessing class com/cuddly/heartbound/config/gui/ModBindingsConfigImpl
INFO:  ... done
INFO:  Preprocessing class com/cuddly/heartbound/entity/ai/brain/GirlActivities
INFO:  ... done
INFO:  Preprocessing class com/cuddly/heartbound/util/inventory/slot/ExclusiveSlot
INFO:  ... done
INFO:  Preprocessing class com/cuddly/heartbound/entity/ai/goal/MoveToPlayerGoal
INFO:  ... done
INFO:  Preprocessing class com/cuddly/heartbound/networking/C2S/BonePosSyncC2SPacket
INFO:  ... done
INFO:  Preprocessing class com/cuddly/heartbound/entity/ai/goal/GirlAttackSwitchGoal
INFO:  ... done
INFO:  Preprocessing class com/cuddly/heartbound/util/Colors
INFO:  ... done
INFO:  Preprocessing class com/cuddly/heartbound/advancement/criterion/TameGirlCriterion
INFO:  ... done
INFO:  Preprocessing class com/cuddly/heartbound/advancement/criterion/CaptureLoveBallCriterion
INFO:  ... done
INFO:  Preprocessing class com/cuddly/heartbound/mixins/transformation/PlayerEntityRendererMixin
INFO:  ... done
INFO:  Preprocessing class com/cuddly/heartbound/advancement/criterion/TransformCriterion
INFO:  ... done
INFO:  Preprocessing class com/cuddly/heartbound/transformation/TransformablePlayer
INFO:  ... done
INFO:  Preprocessing class com/cuddly/heartbound/mixins/freecam/LightTextureMixin
INFO:  ... done
INFO:  Preprocessing class com/cuddly/heartbound/ModMenuIntegration
INFO:     Loading Class: com/terraformersmc/modmenu/api/ModMenuApi from archive C:\Users\Herta\.gradle\caches\modules-2\files-2.1\com.terraformersmc\modmenu\11.0.0\d2b353f3f491ce8029f33cc17b69d80bb465842d\modmenu-11.0.0.jar
INFO:  ... done
INFO:  Preprocessing class com/cuddly/heartbound/client/rendering/renderers/EllieRenderer
INFO:  ... done
INFO:  Preprocessing class com/cuddly/heartbound/client/gui/screen/FusionTableScreen
INFO:     Loading Class: net/minecraft/client/gui/screen/ingame/HandledScreen from archive D:\Project\Heart\Heartbound-Port\analysis\tools\minecraft-named.jar
INFO:  ... done
INFO:  Preprocessing class com/cuddly/heartbound/Heartbound
INFO:     Loading Class: net/minecraft/client/gui/screen/ingame/ScreenHandlerProvider from archive D:\Project\Heart\Heartbound-Port\analysis\tools\minecraft-named.jar
INFO:  ... done
INFO:  Preprocessing class com/cuddly/heartbound/entity/ai/goal/BedGoal
INFO:  ... done
INFO:  Preprocessing class com/cuddly/heartbound/transformation/GirlTransformationInfo
INFO:  ... done
INFO:  Preprocessing class com/cuddly/heartbound/client/models/SlimeModel
INFO:  ... done
INFO:  Preprocessing class com/cuddly/heartbound/entity/ai/goal/GirlPickupCropsGoal
INFO:  ... done
INFO:  Preprocessing class com/cuddly/heartbound/client/gui/screen/ScreenDecorations
INFO:  ... done
INFO:  Preprocessing class com/cuddly/heartbound/networking/C2S/TransformRequestC2SPacket
INFO:  ... done
INFO:  Preprocessing class com/cuddly/heartbound/freecam/Freecam
INFO:           Loading Class: net/minecraft/world/World from archive D:\Project\Heart\Heartbound-Port\analysis\tools\minecraft-named.jar
INFO:  ... done
INFO:  Preprocessing class com/cuddly/heartbound/client/gui/screen/CustomizeScreen
INFO:           Loading Class: net/minecraft/world/WorldAccess from archive D:\Project\Heart\Heartbound-Port\analysis\tools\minecraft-named.jar
INFO:           Loading Class: net/minecraft/world/RegistryWorldView from archive D:\Project\Heart\Heartbound-Port\analysis\tools\minecraft-named.jar
INFO:           Loading Class: net/minecraft/world/EntityView from archive D:\Project\Heart\Heartbound-Port\analysis\tools\minecraft-named.jar
INFO:           Loading Class: net/minecraft/world/WorldView from archive D:\Project\Heart\Heartbound-Port\analysis\tools\minecraft-named.jar
INFO:           Loading Class: net/minecraft/world/BlockRenderView from archive D:\Project\Heart\Heartbound-Port\analysis\tools\minecraft-named.jar
INFO:           Loading Class: net/minecraft/world/BlockView from archive D:\Project\Heart\Heartbound-Port\analysis\tools\minecraft-named.jar
INFO:           Loading Class: net/minecraft/world/HeightLimitView from archive D:\Project\Heart\Heartbound-Port\analysis\tools\minecraft-named.jar
INFO:           Loading Class: net/minecraft/world/CollisionView from archive D:\Project\Heart\Heartbound-Port\analysis\tools\minecraft-named.jar
INFO:           Loading Class: net/minecraft/world/RedstoneView from archive D:\Project\Heart\Heartbound-Port\analysis\tools\minecraft-named.jar
INFO:           Loading Class: net/minecraft/world/biome/source/BiomeAccess$Storage from archive D:\Project\Heart\Heartbound-Port\analysis\tools\minecraft-named.jar
INFO:           Loading Class: net/minecraft/world/ModifiableTestableWorld from archive D:\Project\Heart\Heartbound-Port\analysis\tools\minecraft-named.jar
INFO:           Loading Class: net/minecraft/world/TestableWorld from archive D:\Project\Heart\Heartbound-Port\analysis\tools\minecraft-named.jar
INFO:           Loading Class: net/minecraft/world/ModifiableWorld from archive D:\Project\Heart\Heartbound-Port\analysis\tools\minecraft-named.jar
INFO:           Loading Class: net/minecraft/world/LunarWorldView from archive D:\Project\Heart\Heartbound-Port\analysis\tools\minecraft-named.jar
INFO:           Loading Class: java/lang/AutoCloseable from module java.base@21.0.12
INFO:  ... done
INFO:  Preprocessing class com/cuddly/heartbound/mixins/freecam/EntityRenderDispatcherAccessor
INFO:  ... done
INFO:  Preprocessing class com/cuddly/heartbound/networking/C2S/GirlCustomizeC2SPacket
INFO:  ... done
INFO:  Preprocessing class com/cuddly/heartbound/entity/base/tamable/TameableGirlEntity
INFO:     Loading Class: net/minecraft/entity/ai/goal/EscapeDangerGoal from archive D:\Project\Heart\Heartbound-Port\analysis\tools\minecraft-named.jar
INFO:  ... done
INFO:  Preprocessing class com/cuddly/heartbound/entity/ai/goal/GirlFarmCropsGoal
INFO:  ... done
INFO:  Preprocessing class com/cuddly/heartbound/util/variables/CustomGirlProfile
INFO:  ... done
INFO:  Preprocessing class com/cuddly/heartbound/HeartboundClient
INFO:  ... done
INFO:  Preprocessing class com/cuddly/heartbound/client/gui/screen/customize/ButtonGridSection
INFO:  ... done
INFO:  Preprocessing class com/cuddly/heartbound/networking/C2S/StopSceneOnServerC2SPacket
INFO:  ... done
INFO:  Preprocessing class com/cuddly/heartbound/util/managers/TamedGirlManager
INFO:  ... done
INFO:  Preprocessing class com/cuddly/heartbound/util/variables/ScenePhase
INFO:  ... done
INFO:  Preprocessing class com/cuddly/heartbound/mixins/freecam/LevelRendererMixin
INFO:  ... done
INFO:  Preprocessing class com/cuddly/heartbound/networking/C2S/SoundEventSyncC2SPacket
INFO:  ... done
INFO:  Preprocessing class com/cuddly/heartbound/block/HeartboundBlocks
INFO:  ... done
INFO:  Preprocessing class com/cuddly/heartbound/mixins/freecam/GuiMixin
INFO:  ... done
INFO:  Preprocessing class com/cuddly/heartbound/mixins/freecam/CameraMixin
INFO:  ... done
INFO:  Preprocessing class com/cuddly/heartbound/networking/C2S/ThrustKeybindC2SPacket
INFO:  ... done
INFO:  Preprocessing class com/cuddly/heartbound/util/inventory/slot/TexturedSlot
INFO:  ... done
INFO:  Preprocessing class com/cuddly/heartbound/entity/ai/goal/StripGoal
INFO:  ... done
INFO:  Preprocessing class com/cuddly/heartbound/config/gui/AutoConfigExtensions
INFO:  ... done
INFO:  Preprocessing class com/cuddly/heartbound/client/rendering/TransformedPlayerAnimatable
INFO:     Loading Class: software/bernie/geckolib/animatable/GeoReplacedEntity from archive C:\Users\Herta\.gradle\caches\modules-2\files-2.1\software.bernie.geckolib\geckolib-fabric-1.21.1\4.9.2\b95b1d631baeada54c6773ca8f6ede40d57fea46\geckolib-fabric-1.21.1-4.9.2.jar
INFO:     Loading Class: software/bernie/geckolib/animatable/SingletonGeoAnimatable from archive C:\Users\Herta\.gradle\caches\modules-2\files-2.1\software.bernie.geckolib\geckolib-fabric-1.21.1\4.9.2\b95b1d631baeada54c6773ca8f6ede40d57fea46\geckolib-fabric-1.21.1-4.9.2.jar
INFO:  ... done
INFO:  Preprocessing class com/cuddly/heartbound/entity/ai/goal/GirlChopTreesGoal
INFO:           Loading Class: java/util/List from module java.base@21.0.12
INFO:           Loading Class: java/util/SequencedCollection from module java.base@21.0.12
INFO:           Loading Class: java/util/Collection from module java.base@21.0.12
INFO:           Loading Class: java/lang/Iterable from module java.base@21.0.12
INFO:  ... done
INFO:  Preprocessing class com/cuddly/heartbound/mixins/freecam/OptionsMixin
INFO:  ... done
INFO:  Preprocessing class com/cuddly/heartbound/item/items/LoveBall
INFO:  ... done
INFO:  Preprocessing class com/cuddly/heartbound/mixins/freecam/MultiPlayerGameModeMixin
INFO:  ... done
INFO:  Preprocessing class com/cuddly/heartbound/advancement/criterion/BreakUpCriterion
INFO:  ... done
INFO:  Preprocessing class com/cuddly/heartbound/util/HeartboundMessages
INFO:  ... done
INFO:  Preprocessing class com/cuddly/heartbound/mixins/transformation/InventoryScreenMixin
INFO:     Loading Class: net/minecraft/client/gui/screen/ingame/AbstractInventoryScreen from archive D:\Project\Heart\Heartbound-Port\analysis\tools\minecraft-named.jar
INFO:  ... done
INFO:  Preprocessing class com/cuddly/heartbound/networking/C2S/TransformRevertC2SPacket
INFO:  ... done
INFO:  Preprocessing class com/cuddly/heartbound/client/models/TransformedPlayerModel
INFO:  ... done
INFO:  Preprocessing class com/cuddly/heartbound/networking/C2S/SetGUIOpenStateC2SPacket
INFO:  ... done
INFO:  Preprocessing class com/cuddly/heartbound/entity/base/GirlEntity
INFO:  ... done
INFO:  Preprocessing class com/cuddly/heartbound/networking/C2S/CumKeybindC2SPacket
INFO:  ... done
INFO:  Preprocessing class com/cuddly/heartbound/client/GirlSceneClientHelper
INFO:  ... done
INFO:  ... done
INFO:  Preprocessing class com/cuddly/heartbound/client/gui/screen/TransformSceneScreen
INFO:  Preprocessing class com/cuddly/heartbound/freecam/tripod/TripodRegistry
INFO:  ... done
INFO:  Preprocessing class com/cuddly/heartbound/util/EntityFlags
INFO:  ... done
INFO:  Preprocessing class com/cuddly/heartbound/config/gui/BoundedContinuousImpl
INFO:  ... done
INFO:  Preprocessing class com/cuddly/heartbound/networking/C2S/StartSceneC2SPacket
INFO:  ... done
INFO:  Preprocessing class com/cuddly/heartbound/client/rendering/renderers/JennyRenderer
INFO:  ... done
INFO:  Preprocessing class com/cuddly/heartbound/entity/ai/goal/GirlSitGoal
INFO:  ... done
INFO:  Preprocessing class com/cuddly/heartbound/entity/HeartboundEntities
INFO:  ... done
INFO:  Preprocessing class com/cuddly/heartbound/advancement/criterion/FirstLoginCriterion
INFO:  ... done
INFO:  Preprocessing class com/cuddly/heartbound/mixins/freecam/ClientPacketListenerMixin
INFO:  ... done
INFO:  Preprocessing class com/cuddly/heartbound/util/variables/JiggleBoneConfig
INFO:  ... done
INFO:  Preprocessing class com/cuddly/heartbound/jei/FusionRecipeCategory
INFO:     Loading Class: mezz/jei/api/recipe/category/IRecipeCategory from archive C:\Users\Herta\.gradle\caches\modules-2\files-2.1\mezz.jei\jei-1.21.1-fabric\19.43.0.393\34c15afc8c45fdeba3b034e7cae8f14f9fe2426c\jei-1.21.1-fabric-19.43.0.393.jar
INFO:  ... done
INFO:  Preprocessing class com/cuddly/heartbound/util/ProfileFactory
INFO:  ... done
INFO:  Preprocessing class com/cuddly/heartbound/client/models/CustomGirlModel
INFO:  ... done
INFO:  Preprocessing class com/cuddly/heartbound/mixins/bugfix/ScreenHandlerMixin
INFO:  ... done
INFO:  Preprocessing class com/cuddly/heartbound/registries/HeartboundHudRegistry
INFO:  ... done
INFO:  Preprocessing class com/cuddly/heartbound/mixins/freecam/MinecraftMixin
INFO:  ... done
INFO:  Preprocessing class com/cuddly/heartbound/config/gui/BoundedContinuous
INFO:  ... done
INFO:  Preprocessing class com/cuddly/heartbound/registries/HeartboundSoundEventRegistry
INFO:  ... done
INFO:  Preprocessing class com/cuddly/heartbound/mixins/transformation/ServerPlayerRespawnMixin
INFO:  ... done
INFO:  Preprocessing class com/cuddly/heartbound/entity/HeartboundEntityStatuses
INFO:  ... done
INFO:  Preprocessing class com/cuddly/heartbound/registries/HeartboundScreenHandlerRegistry
INFO:  ... done
INFO:  Preprocessing class com/cuddly/heartbound/networking/S2C/ClothingArmorVisibilityS2CPacket
INFO:  ... done
INFO:  Preprocessing class com/cuddly/heartbound/entity/base/GirlSceneEntity
INFO:  ... done
INFO:  Preprocessing class com/cuddly/heartbound/client/gui/screen/customize/CustomizeSection
INFO:  ... done
INFO:  Preprocessing class com/cuddly/heartbound/networking/codec/ExtraPacketCodecs
INFO:  ... done
INFO:  Preprocessing class com/cuddly/heartbound/client/models/EllieModel
INFO:  ... done
INFO:  Preprocessing class com/cuddly/heartbound/client/gui/screen/GirlInventoryScreen
INFO:  ... done
INFO:  Preprocessing class com/cuddly/heartbound/jei/HeartboundJEIPlugin
INFO:     Loading Class: mezz/jei/api/IModPlugin from archive C:\Users\Herta\.gradle\caches\modules-2\files-2.1\mezz.jei\jei-1.21.1-fabric\19.43.0.393\34c15afc8c45fdeba3b034e7cae8f14f9fe2426c\jei-1.21.1-fabric-19.43.0.393.jar
INFO:  ... done
INFO:  Preprocessing class com/cuddly/heartbound/util/variables/Scene
INFO:  ... done
INFO:  Preprocessing class com/cuddly/heartbound/entity/girls/CustomGirlEntity
INFO:  ... done
INFO:  Preprocessing class com/cuddly/heartbound/client/rendering/renderers/AbstractGirlRenderer
INFO:  ... done
INFO:  ... done
INFO:  ... done
INFO:  ... done
INFO:  ... done
INFO:  ... done
INFO:  ... done
INFO:  ... done
INFO:  ... done
INFO:  ... done
INFO:           Loading Class: net/minecraft/entity/projectile/PersistentProjectileEntity from archive D:\Project\Heart\Heartbound-Port\analysis\tools\minecraft-named.jar
INFO:           Loading Class: net/minecraft/entity/projectile/ProjectileEntity from archive D:\Project\Heart\Heartbound-Port\analysis\tools\minecraft-named.jar
INFO:           Loading Class: net/minecraft/entity/Ownable from archive D:\Project\Heart\Heartbound-Port\analysis\tools\minecraft-named.jar
INFO:  ... done
INFO:  ... done
INFO:  Decompiling class com/cuddly/heartbound/client/gui/screen/customize/SliderSection
INFO:  Decompiling class com/cuddly/heartbound/client/gui/screen/customize/LabelSection
INFO:  Decompiling class com/cuddly/heartbound/item/items/XPill
INFO:  Decompiling class com/cuddly/heartbound/mixins/transformation/PlayerRidingMixin
INFO:  Decompiling class com/cuddly/heartbound/mixins/freecam/ItemInHandRendererMixin
INFO:  Decompiling class com/cuddly/heartbound/entity/girls/AlyEntity
INFO:  Decompiling class com/cuddly/heartbound/config/keys/FreecamComboKeyMapping
INFO:  Decompiling class com/cuddly/heartbound/util/HeartboundIcons
INFO:  Decompiling class com/cuddly/heartbound/entity/girls/SlimeEntity
INFO:  Decompiling class com/cuddly/heartbound/mixins/freecam/BlockStateBaseMixin
INFO:  Decompiling class com/cuddly/heartbound/client/rendering/renderers/KoboldRenderer
INFO:  Decompiling class com/cuddly/heartbound/networking/C2S/ScenePhaseSyncC2SPacket
INFO:        Loading Class: net/minecraft/util/Identifier from archive D:\Project\Heart\Heartbound-Port\analysis\tools\minecraft-named.jar
INFO:        Loading Class: net/minecraft/block/EntityShapeContext from archive D:\Project\Heart\Heartbound-Port\analysis\tools\minecraft-named.jar
INFO:        Loading Class: net/minecraft/network/RegistryByteBuf from archive D:\Project\Heart\Heartbound-Port\analysis\tools\minecraft-named.jar
INFO:        Loading Class: net/minecraft/network/PacketByteBuf from archive D:\Project\Heart\Heartbound-Port\analysis\tools\minecraft-named.jar
INFO:        Loading Class: net/minecraft/client/gui/widget/TextWidget from archive D:\Project\Heart\Heartbound-Port\analysis\tools\minecraft-named.jar
INFO:        Loading Class: net/minecraft/entity/ai/control/FlightMoveControl from archive D:\Project\Heart\Heartbound-Port\analysis\tools\minecraft-named.jar
INFO:        Loading Class: net/minecraft/client/render/entity/EntityRenderDispatcher from archive D:\Project\Heart\Heartbound-Port\analysis\tools\minecraft-named.jar
INFO:        Loading Class: net/minecraft/client/gui/widget/AbstractTextWidget from archive D:\Project\Heart\Heartbound-Port\analysis\tools\minecraft-named.jar
INFO:        Loading Class: net/minecraft/client/MinecraftClient from archive D:\Project\Heart\Heartbound-Port\analysis\tools\minecraft-named.jar
INFO:        Loading Class: net/minecraft/item/Items from archive D:\Project\Heart\Heartbound-Port\analysis\tools\minecraft-named.jar
INFO:        Loading Class: net/minecraft/item/ItemStack from archive D:\Project\Heart\Heartbound-Port\analysis\tools\minecraft-named.jar
INFO:        Loading Class: java/lang/Runnable from module java.base@21.0.12
INFO:        Loading Class: java/lang/Integer from module java.base@21.0.12
INFO:        Loading Class: net/minecraft/util/shape/VoxelShapes from archive D:\Project\Heart\Heartbound-Port\analysis\tools\minecraft-named.jar
INFO:        Loading Class: java/util/function/Supplier from module java.base@21.0.12
INFO:        Loading Class: net/minecraft/entity/attribute/EntityAttributes from archive D:\Project\Heart\Heartbound-Port\analysis\tools\minecraft-named.jar
INFO:        Loading Class: net/minecraft/network/codec/PacketCodecs from archive D:\Project\Heart\Heartbound-Port\analysis\tools\minecraft-named.jar
INFO:        Loading Class: java/lang/Number from module java.base@21.0.12
INFO:        Loading Class: net/minecraft/util/TypedActionResult from archive D:\Project\Heart\Heartbound-Port\analysis\tools\minecraft-named.jar
INFO:        Loading Class: net/minecraft/entity/attribute/EntityAttributeInstance from archive D:\Project\Heart\Heartbound-Port\analysis\tools\minecraft-named.jar
INFO:        Loading Class: net/minecraft/util/math/Vec3d from archive D:\Project\Heart\Heartbound-Port\analysis\tools\minecraft-named.jar
INFO:        Loading Class: net/minecraft/util/math/Position from archive D:\Project\Heart\Heartbound-Port\analysis\tools\minecraft-named.jar
INFO:        Loading Class: java/util/function/Function from module java.base@21.0.12
INFO:        Loading Class: java/util/function/BiFunction from module java.base@21.0.12
INFO:           Loading Class: java/util/function/Consumer from module java.base@21.0.12
INFO:           Loading Class: net/minecraft/client/gui/DrawContext from archive D:\Project\Heart\Heartbound-Port\analysis\tools\minecraft-named.jar
INFO:  ... done
INFO:  ... done
INFO:  ... done
INFO:  ... done
INFO:  ... done
INFO:  ... done
INFO:  ... done
INFO:  ... done
INFO:  ... done
INFO:           Loading Class: net/minecraft/client/font/TextRenderer from archive D:\Project\Heart\Heartbound-Port\analysis\tools\minecraft-named.jar
INFO:  Decompiling class com/cuddly/heartbound/entity/base/wild/WildGirlEntity
INFO:  Decompiling class com/cuddly/heartbound/client/gui/screen/GirlFeatureScreen
INFO:  Decompiling class com/cuddly/heartbound/client/models/AbstractGirlModel
INFO:  Decompiling class com/cuddly/heartbound/client/HeartboundKeybinds
INFO:        Loading Class: net/fabricmc/fabric/api/client/keybinding/v1/KeyBindingHelper from archive D:\Project\Heart\Heartbound-Port\analysis\tools\fabric-modules\fabric-key-binding-api-v1-0.116.15.jar
INFO:        Loading Class: net/minecraft/entity/EquipmentSlot from archive D:\Project\Heart\Heartbound-Port\analysis\tools\minecraft-named.jar
INFO:  Decompiling class com/cuddly/heartbound/util/variables/SceneType
INFO:        Loading Class: net/minecraft/util/StringIdentifiable from archive D:\Project\Heart\Heartbound-Port\analysis\tools\minecraft-named.jar
INFO:        Loading Class: java/lang/Long from module java.base@21.0.12
INFO:  Decompiling class com/cuddly/heartbound/client/gui/screen/customize/ButtonSection
INFO:        Loading Class: net/minecraft/client/gui/tooltip/Tooltip from archive D:\Project\Heart\Heartbound-Port\analysis\tools\minecraft-named.jar
INFO:        Loading Class: net/minecraft/util/math/random/Random from archive D:\Project\Heart\Heartbound-Port\analysis\tools\minecraft-named.jar
INFO:        Loading Class: java/lang/Math from module java.base@21.0.12
INFO:  Decompiling class com/cuddly/heartbound/util/inventory/GirlInventory
INFO:  ... done
INFO:  Decompiling class com/cuddly/heartbound/client/gui/screen/KoboldCustomizeScreen
INFO:  Decompiling class com/cuddly/heartbound/networking/C2S/AnimationSyncC2SPacket
INFO:  Decompiling class com/cuddly/heartbound/networking/C2S/TransformStopSceneC2SPacket
INFO:        Loading Class: java/lang/String from module java.base@21.0.12
INFO:        Loading Class: net/minecraft/util/Formatting from archive D:\Project\Heart\Heartbound-Port\analysis\tools\minecraft-named.jar
INFO:        Loading Class: net/minecraft/util/collection/DefaultedList from archive D:\Project\Heart\Heartbound-Port\analysis\tools\minecraft-named.jar
INFO:        Loading Class: java/lang/Boolean from module java.base@21.0.12
INFO:        Loading Class: java/lang/Class from module java.base@21.0.12
INFO:        Loading Class: net/minecraft/component/ComponentHolder from archive D:\Project\Heart\Heartbound-Port\analysis\tools\minecraft-named.jar
INFO:  ... done
INFO:  Decompiling class com/cuddly/heartbound/entity/ai/goal/GirlBowAttackGoal
INFO:        Loading Class: net/minecraft/entity/damage/DamageSource from archive D:\Project\Heart\Heartbound-Port\analysis\tools\minecraft-named.jar
INFO:        Loading Class: java/util/function/IntFunction from module java.base@21.0.12
INFO:        Loading Class: net/minecraft/registry/tag/DamageTypeTags from archive D:\Project\Heart\Heartbound-Port\analysis\tools\minecraft-named.jar
INFO:        Loading Class: java/lang/Double from module java.base@21.0.12
INFO:        Loading Class: net/minecraft/registry/tag/TagKey from archive D:\Project\Heart\Heartbound-Port\analysis\tools\minecraft-named.jar
INFO:        Loading Class: java/util/EnumSet from module java.base@21.0.12
INFO:        Loading Class: java/util/ArrayList from module java.base@21.0.12
INFO:        Loading Class: net/minecraft/text/MutableText from archive D:\Project\Heart\Heartbound-Port\analysis\tools\minecraft-named.jar
INFO:        Loading Class: java/util/function/ToIntFunction from module java.base@21.0.12
INFO:        Loading Class: java/util/RandomAccess from module java.base@21.0.12
INFO:        Loading Class: java/util/AbstractList from module java.base@21.0.12
INFO:        Loading Class: java/util/AbstractCollection from module java.base@21.0.12
INFO:  ... done
INFO:  Decompiling class com/cuddly/heartbound/util/variables/BlockEntry
INFO:  ... done
INFO:  Decompiling class com/cuddly/heartbound/mixins/freecam/EntityRenderDispatcherMixin
INFO:           Loading Class: net/minecraft/util/math/Vec3i from archive D:\Project\Heart\Heartbound-Port\analysis\tools\minecraft-named.jar
INFO:           Loading Class: net/minecraft/block/BlockState from archive D:\Project\Heart\Heartbound-Port\analysis\tools\minecraft-named.jar
INFO:           Loading Class: net/minecraft/state/State from archive D:\Project\Heart\Heartbound-Port\analysis\tools\minecraft-named.jar
INFO:  ... done
INFO:  Decompiling class com/cuddly/heartbound/config/gui/ModBindingsConfig
INFO:        Loading Class: java/lang/annotation/ElementType from module java.base@21.0.12
INFO:  ... done
INFO:  Decompiling class com/cuddly/heartbound/block/entity/HeartboundBlockEntities
INFO:  ... done
INFO:  Decompiling class com/cuddly/heartbound/networking/C2S/RemovePreviewEntityC2SPacket
INFO:        Loading Class: software/bernie/geckolib/animation/AnimationProcessor from archive C:\Users\Herta\.gradle\caches\modules-2\files-2.1\software.bernie.geckolib\geckolib-fabric-1.21.1\4.9.2\b95b1d631baeada54c6773ca8f6ede40d57fea46\geckolib-fabric-1.21.1-4.9.2.jar
INFO:        Loading Class: net/minecraft/entity/ai/goal/GoalSelector from archive D:\Project\Heart\Heartbound-Port\analysis\tools\minecraft-named.jar
INFO:        Loading Class: net/minecraft/registry/Registry from archive D:\Project\Heart\Heartbound-Port\analysis\tools\minecraft-named.jar
INFO:        Loading Class: net/minecraft/entity/ai/goal/SwimGoal from archive D:\Project\Heart\Heartbound-Port\analysis\tools\minecraft-named.jar
INFO:  ... done
INFO:  Decompiling class com/cuddly/heartbound/util/rendering/JigglePhysics
INFO:        Loading Class: net/minecraft/entity/ai/goal/TemptGoal from archive D:\Project\Heart\Heartbound-Port\analysis\tools\minecraft-named.jar
INFO:        Loading Class: net/minecraft/registry/Registries from archive D:\Project\Heart\Heartbound-Port\analysis\tools\minecraft-named.jar
INFO:        Loading Class: net/minecraft/recipe/Ingredient from archive D:\Project\Heart\Heartbound-Port\analysis\tools\minecraft-named.jar
INFO:        Loading Class: net/minecraft/text/StringVisitable from archive D:\Project\Heart\Heartbound-Port\analysis\tools\minecraft-named.jar
INFO:  ... done
INFO:  ... done
INFO:  Decompiling class com/cuddly/heartbound/util/ScreenUtils
INFO:  Decompiling class com/cuddly/heartbound/util/rendering/UVOffsetVertexConsumer
INFO:        Loading Class: net/minecraft/entity/ai/goal/WanderAroundGoal from archive D:\Project\Heart\Heartbound-Port\analysis\tools\minecraft-named.jar
INFO:        Loading Class: net/minecraft/block/entity/BlockEntityType from archive D:\Project\Heart\Heartbound-Port\analysis\tools\minecraft-named.jar
INFO:        Loading Class: net/minecraft/entity/ai/goal/LookAtEntityGoal from archive D:\Project\Heart\Heartbound-Port\analysis\tools\minecraft-named.jar
INFO:  ... done
INFO:        Loading Class: net/minecraft/entity/ai/goal/LookAroundGoal from archive D:\Project\Heart\Heartbound-Port\analysis\tools\minecraft-named.jar
INFO:  Decompiling class com/cuddly/heartbound/networking/S2C/TransformSceneOptionsS2CPacket
INFO:        Loading Class: net/minecraft/entity/ai/control/LookControl from archive D:\Project\Heart\Heartbound-Port\analysis\tools\minecraft-named.jar
INFO:        Loading Class: net/minecraft/entity/ai/goal/RevengeGoal from archive D:\Project\Heart\Heartbound-Port\analysis\tools\minecraft-named.jar
INFO:  ... done
INFO:  Decompiling class com/cuddly/heartbound/block/blocks/LittedMagicalPumpkinBlock
INFO:  ... done
INFO:  Decompiling class com/cuddly/heartbound/util/rendering/UnlitNormalVertexConsumer
INFO:        Loading Class: net/minecraft/state/property/Property from archive D:\Project\Heart\Heartbound-Port\analysis\tools\minecraft-named.jar
INFO:        Loading Class: net/minecraft/state/property/EnumProperty from archive D:\Project\Heart\Heartbound-Port\analysis\tools\minecraft-named.jar
INFO:  ... done
INFO:  Decompiling class com/cuddly/heartbound/registries/GirlRegistry
INFO:  ... done
INFO:  Decompiling class com/cuddly/heartbound/client/gui/screen/hud/SceneProgressOverlay
INFO:        Loading Class: software/bernie/geckolib/animation/AnimationState from archive C:\Users\Herta\.gradle\caches\modules-2\files-2.1\software.bernie.geckolib\geckolib-fabric-1.21.1\4.9.2\b95b1d631baeada54c6773ca8f6ede40d57fea46\geckolib-fabric-1.21.1-4.9.2.jar
INFO:  ... done
INFO:        Loading Class: net/minecraft/inventory/Inventories from archive D:\Project\Heart\Heartbound-Port\analysis\tools\minecraft-named.jar
INFO:  Decompiling class com/cuddly/heartbound/networking/C2S/TransformSceneKeybindC2SPacket
INFO:        Loading Class: net/minecraft/util/ActionResult from archive D:\Project\Heart\Heartbound-Port\analysis\tools\minecraft-named.jar
INFO:        Loading Class: software/bernie/geckolib/model/data/EntityModelData from archive C:\Users\Herta\.gradle\caches\modules-2\files-2.1\software.bernie.geckolib\geckolib-fabric-1.21.1\4.9.2\b95b1d631baeada54c6773ca8f6ede40d57fea46\geckolib-fabric-1.21.1-4.9.2.jar
INFO:        Loading Class: software/bernie/geckolib/constant/DataTickets from archive C:\Users\Herta\.gradle\caches\modules-2\files-2.1\software.bernie.geckolib\geckolib-fabric-1.21.1\4.9.2\b95b1d631baeada54c6773ca8f6ede40d57fea46\geckolib-fabric-1.21.1-4.9.2.jar
INFO:        Loading Class: net/minecraft/nbt/NbtCompound from archive D:\Project\Heart\Heartbound-Port\analysis\tools\minecraft-named.jar
INFO:        Loading Class: software/bernie/geckolib/constant/dataticket/DataTicket from archive C:\Users\Herta\.gradle\caches\modules-2\files-2.1\software.bernie.geckolib\geckolib-fabric-1.21.1\4.9.2\b95b1d631baeada54c6773ca8f6ede40d57fea46\geckolib-fabric-1.21.1-4.9.2.jar
INFO:        Loading Class: software/bernie/geckolib/cache/object/GeoBone from archive C:\Users\Herta\.gradle\caches\modules-2\files-2.1\software.bernie.geckolib\geckolib-fabric-1.21.1\4.9.2\b95b1d631baeada54c6773ca8f6ede40d57fea46\geckolib-fabric-1.21.1-4.9.2.jar
INFO:  ... done
INFO:  Decompiling class com/cuddly/heartbound/client/gui/screen/GirlSceneScreen
INFO:        Loading Class: java/lang/System from module java.base@21.0.12
INFO:           Loading Class: java/util/function/UnaryOperator from module java.base@21.0.12
INFO:        Loading Class: net/minecraft/client/option/Perspective from archive D:\Project\Heart\Heartbound-Port\analysis\tools\minecraft-named.jar
INFO:        Loading Class: net/minecraft/item/ItemPlacementContext from archive D:\Project\Heart\Heartbound-Port\analysis\tools\minecraft-named.jar
INFO:        Loading Class: net/minecraft/client/option/GameOptions from archive D:\Project\Heart\Heartbound-Port\analysis\tools\minecraft-named.jar
INFO:        Loading Class: net/minecraft/item/ItemUsageContext from archive D:\Project\Heart\Heartbound-Port\analysis\tools\minecraft-named.jar
INFO:  ... done
INFO:  Decompiling class com/cuddly/heartbound/util/inventory/slot/InclusiveSlot
INFO:        Loading Class: net/minecraft/client/WindowEventHandler from archive D:\Project\Heart\Heartbound-Port\analysis\tools\minecraft-named.jar
INFO:        Loading Class: net/minecraft/util/thread/ReentrantThreadExecutor from archive D:\Project\Heart\Heartbound-Port\analysis\tools\minecraft-named.jar
INFO:        Loading Class: net/minecraft/util/thread/ThreadExecutor from archive D:\Project\Heart\Heartbound-Port\analysis\tools\minecraft-named.jar
INFO:  ... done
INFO:        Loading Class: net/minecraft/util/thread/SampleableExecutor from archive D:\Project\Heart\Heartbound-Port\analysis\tools\minecraft-named.jar
INFO:  Decompiling class com/cuddly/heartbound/entity/girls/JennyEntity
INFO:  ... done
INFO:  Decompiling class com/cuddly/heartbound/freecam/Motion
INFO:              Loading Class: net/minecraft/text/Style from archive D:\Project\Heart\Heartbound-Port\analysis\tools\minecraft-named.jar
INFO:        Loading Class: net/minecraft/util/math/MathHelper from archive D:\Project\Heart\Heartbound-Port\analysis\tools\minecraft-named.jar
INFO:              Loading Class: java/lang/constant/ConstantDesc from module java.base@21.0.12
INFO:        Loading Class: net/minecraft/util/thread/MessageListener from archive D:\Project\Heart\Heartbound-Port\analysis\tools\minecraft-named.jar
INFO:        Loading Class: java/util/concurrent/Executor from module java.base@21.0.12
INFO:        Loading Class: net/minecraft/client/input/Input from archive D:\Project\Heart\Heartbound-Port\analysis\tools\minecraft-named.jar
INFO:  ... done
INFO:  Decompiling class com/cuddly/heartbound/entity/ai/goal/StationaryContactGoal
INFO:  ... done
INFO:  Decompiling class com/cuddly/heartbound/item/HeartboundItems
INFO:        Loading Class: net/minecraft/entity/MovementType from archive D:\Project\Heart\Heartbound-Port\analysis\tools\minecraft-named.jar
INFO:        Loading Class: net/minecraft/registry/DefaultedRegistry from archive D:\Project\Heart\Heartbound-Port\analysis\tools\minecraft-named.jar
INFO:        Loading Class: net/minecraft/util/collection/IndexedIterable from archive D:\Project\Heart\Heartbound-Port\analysis\tools\minecraft-named.jar
INFO:        Loading Class: net/minecraft/entity/ai/control/MoveControl from archive D:\Project\Heart\Heartbound-Port\analysis\tools\minecraft-named.jar
INFO:  ... done
INFO:  Decompiling class com/cuddly/heartbound/entity/ai/goal/GirlRoamAtBaseGoal
INFO:  ... done
INFO:  Decompiling class com/cuddly/heartbound/mixins/freecam/BubbleColumnAmbientSoundHandlerMixin
INFO:        Loading Class: net/minecraft/util/Hand from archive D:\Project\Heart\Heartbound-Port\analysis\tools\minecraft-named.jar
INFO:        Loading Class: java/util/function/BiConsumer from module java.base@21.0.12
INFO:  ... done
INFO:  Decompiling class com/cuddly/heartbound/registries/SpawnEggColors
INFO:  ... done
INFO:  Decompiling class com/cuddly/heartbound/networking/C2S/InventoryButtonC2SPacket
INFO:  ... done
INFO:  Decompiling class com/cuddly/heartbound/mixins/freecam/EntityMixin
INFO:        Loading Class: java/util/Random from module java.base@21.0.12
INFO:        Loading Class: java/util/UUID from module java.base@21.0.12
INFO:        Loading Class: java/util/random/RandomGenerator from module java.base@21.0.12
INFO:        Loading Class: net/minecraft/entity/ai/pathing/BirdNavigation from archive D:\Project\Heart\Heartbound-Port\analysis\tools\minecraft-named.jar
INFO:  ... done
INFO:  Decompiling class com/cuddly/heartbound/entity/ai/goal/GirlStayNearBaseGoal
INFO:  ... done
INFO:  ... done
INFO:  Decompiling class com/cuddly/heartbound/entity/girls/KoboldEntity
INFO:  ... done
INFO:  Decompiling class com/cuddly/heartbound/entity/girls/CoppieEntity
INFO:        Loading Class: net/minecraft/entity/projectile/ProjectileUtil from archive D:\Project\Heart\Heartbound-Port\analysis\tools\minecraft-named.jar
INFO:        Loading Class: net/minecraft/block/Blocks from archive D:\Project\Heart\Heartbound-Port\analysis\tools\minecraft-named.jar
INFO:  ... done
INFO:        Loading Class: net/minecraft/entity/ai/pathing/PathNodeType from archive D:\Project\Heart\Heartbound-Port\analysis\tools\minecraft-named.jar
INFO:  ... done
INFO:  Decompiling class com/cuddly/heartbound/mixins/geckolib/GeoBoneMixin
INFO:  Decompiling class com/cuddly/heartbound/advancement/criterion/HeartboundCriteria
INFO:        Loading Class: net/minecraft/item/BowItem from archive D:\Project\Heart\Heartbound-Port\analysis\tools\minecraft-named.jar
INFO:  ... done
INFO:  Decompiling class com/cuddly/heartbound/advancement/criterion/KillGirlCriterion
INFO:              Loading Class: net/minecraft/predicate/entity/LootContextPredicate from archive D:\Project\Heart\Heartbound-Port\analysis\tools\minecraft-named.jar
INFO:  ... done
INFO:        Loading Class: net/minecraft/advancement/criterion/Criteria from archive D:\Project\Heart\Heartbound-Port\analysis\tools\minecraft-named.jar
INFO:              Loading Class: java/util/Optional from module java.base@21.0.12
INFO:  ... done
INFO:  Decompiling class com/cuddly/heartbound/entity/ai/brain/GirlMemoryTypes
INFO:  ... done
INFO:  Decompiling class com/cuddly/heartbound/client/gui/screen/customize/WarmTextFieldWidget
INFO:  Decompiling class com/cuddly/heartbound/transformation/TransformSceneRegistry
INFO:        Loading Class: net/minecraft/util/Util from archive D:\Project\Heart\Heartbound-Port\analysis\tools\minecraft-named.jar
INFO:        Loading Class: net/minecraft/block/CropBlock from archive D:\Project\Heart\Heartbound-Port\analysis\tools\minecraft-named.jar
INFO:  ... done
INFO:  Decompiling class com/cuddly/heartbound/advancement/criterion/CaptureMasterRingCriterion
INFO:        Loading Class: net/minecraft/block/NetherWartBlock from archive D:\Project\Heart\Heartbound-Port\analysis\tools\minecraft-named.jar
INFO:  ... done
INFO:        Loading Class: net/minecraft/entity/ai/brain/MemoryModuleType from archive D:\Project\Heart\Heartbound-Port\analysis\tools\minecraft-named.jar
INFO:        Loading Class: net/minecraft/block/PlantBlock from archive D:\Project\Heart\Heartbound-Port\analysis\tools\minecraft-named.jar
INFO:        Loading Class: net/minecraft/state/property/IntProperty from archive D:\Project\Heart\Heartbound-Port\analysis\tools\minecraft-named.jar
INFO:  Decompiling class com/cuddly/heartbound/freecam/tripod/TripodSlot
INFO:        Loading Class: net/minecraft/entity/data/TrackedDataHandlerRegistry from archive D:\Project\Heart\Heartbound-Port\analysis\tools\minecraft-named.jar
INFO:        Loading Class: net/minecraft/entity/data/TrackedDataHandler from archive D:\Project\Heart\Heartbound-Port\analysis\tools\minecraft-named.jar
INFO:        Loading Class: net/minecraft/block/SweetBerryBushBlock from archive D:\Project\Heart\Heartbound-Port\analysis\tools\minecraft-named.jar
INFO:  Decompiling class com/cuddly/heartbound/client/rendering/renderers/CustomGirlRenderer
INFO:        Loading Class: net/minecraft/block/Fertilizable from archive D:\Project\Heart\Heartbound-Port\analysis\tools\minecraft-named.jar
INFO:  ... done
INFO:  Decompiling class com/cuddly/heartbound/client/gui/screen/customize/Vec3dInputSection
INFO:  ... done
INFO:  Decompiling class com/cuddly/heartbound/block/entity/entities/FusionTableBlockEntity
INFO:        Loading Class: net/minecraft/block/CocoaBlock from archive D:\Project\Heart\Heartbound-Port\analysis\tools\minecraft-named.jar
INFO:        Loading Class: java/lang/IndexOutOfBoundsException from module java.base@21.0.12
INFO:        Loading Class: net/minecraft/network/packet/s2c/play/BlockEntityUpdateS2CPacket from archive D:\Project\Heart\Heartbound-Port\analysis\tools\minecraft-named.jar
INFO:        Loading Class: java/util/Collections from module java.base@21.0.12
INFO:  ... done
INFO:        Loading Class: net/minecraft/server/network/ServerPlayerEntity from archive D:\Project\Heart\Heartbound-Port\analysis\tools\minecraft-named.jar
INFO:  Decompiling class com/cuddly/heartbound/client/gui/screen/CategorySelectionScreen
INFO:        Loading Class: java/lang/Float from module java.base@21.0.12
INFO:  ... done
INFO:  ... done
INFO:  Decompiling class com/cuddly/heartbound/util/SceneKeyframeEventReloader
INFO:        Loading Class: net/fabricmc/fabric/api/resource/ResourceManagerHelper from archive D:\Project\Heart\Heartbound-Port\analysis\tools\fabric-modules\fabric-resource-loader-v0-0.116.15.jar
INFO:  Decompiling class com/cuddly/heartbound/client/rendering/renderers/AlyRenderer
INFO:        Loading Class: net/minecraft/resource/ResourceType from archive D:\Project\Heart\Heartbound-Port\analysis\tools\minecraft-named.jar
INFO:  ... done
INFO:  Decompiling class com/cuddly/heartbound/entity/base/tamable/BaseGirlEntityAI
INFO:  ... done
INFO:        Loading Class: net/minecraft/entity/data/TrackedData from archive D:\Project\Heart\Heartbound-Port\analysis\tools\minecraft-named.jar
INFO:  ... done
INFO:  Decompiling class com/cuddly/heartbound/entity/ai/goal/GirlDefendBaseGoal
INFO:  Decompiling class com/cuddly/heartbound/item/CustomGirlSpawnEggItem
INFO:        Loading Class: net/minecraft/entity/ai/pathing/Path from archive D:\Project\Heart\Heartbound-Port\analysis\tools\minecraft-named.jar
INFO:        Loading Class: net/minecraft/entity/ai/TargetPredicate from archive D:\Project\Heart\Heartbound-Port\analysis\tools\minecraft-named.jar
INFO:  ... done
INFO:        Loading Class: net/minecraft/client/render/RenderLayer from archive D:\Project\Heart\Heartbound-Port\analysis\tools\minecraft-named.jar
INFO:        Loading Class: net/minecraft/entity/ai/goal/LongDoorInteractGoal from archive D:\Project\Heart\Heartbound-Port\analysis\tools\minecraft-named.jar
INFO:  Decompiling class com/cuddly/heartbound/networking/C2S/TransformStartSceneC2SPacket
INFO:  ... done
INFO:        Loading Class: net/minecraft/entity/mob/HostileEntity from archive D:\Project\Heart\Heartbound-Port\analysis\tools\minecraft-named.jar
INFO:  ... done
INFO:  Decompiling class com/cuddly/heartbound/networking/S2C/PlayAttackAnimationS2CPacket
INFO:  Decompiling class com/cuddly/heartbound/entity/girls/EllieEntity
INFO:  ... done
INFO:  Decompiling class com/cuddly/heartbound/networking/C2S/RegisterCustomGirlSoundC2SPacket
INFO:  ... done
INFO:  Decompiling class com/cuddly/heartbound/networking/C2S/RegisterCustomGirlMessageC2SPacket
INFO:        Loading Class: net/minecraft/world/event/GameEvent from archive D:\Project\Heart\Heartbound-Port\analysis\tools\minecraft-named.jar
INFO:        Loading Class: net/minecraft/sound/SoundEvent from archive D:\Project\Heart\Heartbound-Port\analysis\tools\minecraft-named.jar
INFO:        Loading Class: java/util/function/BooleanSupplier from module java.base@21.0.12
INFO:  ... done
INFO:  Decompiling class com/cuddly/heartbound/networking/S2C/OpenKoboldCustomizeScreenS2CPacket
INFO:  ... done
INFO:  Decompiling class com/cuddly/heartbound/entity/ai/pathing/GirlNavigation
INFO:  ... done
INFO:  Decompiling class com/cuddly/heartbound/networking/C2S/KoboldCustomizeC2SPacket
INFO:  ... done
INFO:  Decompiling class com/cuddly/heartbound/networking/S2C/PlayCumHudAnimationS2CPacket
INFO:        Loading Class: net/minecraft/entity/ai/pathing/PathNodeNavigator from archive D:\Project\Heart\Heartbound-Port\analysis\tools\minecraft-named.jar
INFO:  ... done
INFO:  Decompiling class com/cuddly/heartbound/mixins/freecam/LocalPlayerMixin
INFO:  ... done
INFO:  Decompiling class com/cuddly/heartbound/networking/S2C/RunAnimEventsS2CPacket
INFO:  ... done
INFO:  ... done
INFO:  ... done
INFO:  Decompiling class com/cuddly/heartbound/config/ModBindings
INFO:  Decompiling class com/cuddly/heartbound/util/inventory/slot/PublicArmorSlot
INFO:  Decompiling class com/cuddly/heartbound/networking/C2S/PlayerAnimLockC2SPacket
INFO:        Loading Class: net/minecraft/entity/player/PlayerAbilities from archive D:\Project\Heart\Heartbound-Port\analysis\tools\minecraft-named.jar
INFO:        Loading Class: net/minecraft/enchantment/EnchantmentHelper from archive D:\Project\Heart\Heartbound-Port\analysis\tools\minecraft-named.jar
INFO:        Loading Class: net/minecraft/component/EnchantmentEffectComponentTypes from archive D:\Project\Heart\Heartbound-Port\analysis\tools\minecraft-named.jar
INFO:  ... done
INFO:  ... done
INFO:  Decompiling class com/cuddly/heartbound/util/HeartboundLangUtils
INFO:  Decompiling class com/cuddly/heartbound/client/rendering/renderers/CoppieRenderer
INFO:        Loading Class: net/tslat/smartbrainlib/api/core/SmartBrainProvider from archive C:\Users\Herta\.gradle\caches\modules-2\files-2.1\maven.modrinth\smartbrainlib\1.16.11\3fb714d6ab54b88b32271825395660999fa0178f\smartbrainlib-1.16.11.jar
INFO:  ... done
INFO:  Decompiling class com/cuddly/heartbound/networking/S2C/RefreshModelsS2CPacket
INFO:  ... done
INFO:        Loading Class: net/minecraft/screen/PlayerScreenHandler from archive D:\Project\Heart\Heartbound-Port\analysis\tools\minecraft-named.jar
INFO:  Decompiling class com/cuddly/heartbound/networking/C2S/AnimationFinishC2SPacket
INFO:  ... done
INFO:  Decompiling class com/cuddly/heartbound/networking/C2S/TransformAnimationFinishC2SPacket
INFO:        Loading Class: net/minecraft/screen/AbstractRecipeScreenHandler from archive D:\Project\Heart\Heartbound-Port\analysis\tools\minecraft-named.jar
INFO:  ... done
INFO:  Decompiling class com/cuddly/heartbound/util/rendering/GeoBoneExtension
INFO:  ... done
INFO:  ... done
INFO:  Decompiling class com/cuddly/heartbound/mixins/freecam/GameRendererMixin
INFO:        Loading Class: net/minecraft/util/math/Box from archive D:\Project\Heart\Heartbound-Port\analysis\tools\minecraft-named.jar
INFO:  ... done
INFO:  Decompiling class com/cuddly/heartbound/registries/HeartboundDispenserBehavior
INFO:  ... done
INFO:  Decompiling class com/cuddly/heartbound/config/gui/DoubleSliderEntry
INFO:        Loading Class: net/minecraft/block/DispenserBlock from archive D:\Project\Heart\Heartbound-Port\analysis\tools\minecraft-named.jar
INFO:  Decompiling class com/cuddly/heartbound/registries/HeartboundTrackedDataRegistry
INFO:           Loading Class: net/minecraft/util/math/BlockPointer from archive D:\Project\Heart\Heartbound-Port\analysis\tools\minecraft-named.jar
INFO:        Loading Class: java/lang/reflect/Method from module java.base@21.0.12
INFO:              Loading Class: me/shedaniel/autoconfig/AutoConfig from archive C:\Users\Herta\.gradle\caches\modules-2\files-2.1\maven.modrinth\cloth-config\15.0.140+fabric\5d82342a2df53fd6df712bfdd583a811572918a4\cloth-config-15.0.140+fabric.jar
INFO:        Loading Class: net/tslat/smartbrainlib/api/core/sensor/ExtendedSensor from archive C:\Users\Herta\.gradle\caches\modules-2\files-2.1\maven.modrinth\smartbrainlib\1.16.11\3fb714d6ab54b88b32271825395660999fa0178f\smartbrainlib-1.16.11.jar
INFO:        Loading Class: net/tslat/smartbrainlib/api/core/sensor/vanilla/NearbyLivingEntitySensor from archive C:\Users\Herta\.gradle\caches\modules-2\files-2.1\maven.modrinth\smartbrainlib\1.16.11\3fb714d6ab54b88b32271825395660999fa0178f\smartbrainlib-1.16.11.jar
INFO:           Loading Class: net/minecraft/state/property/DirectionProperty from archive D:\Project\Heart\Heartbound-Port\analysis\tools\minecraft-named.jar
INFO:        Loading Class: net/tslat/smartbrainlib/api/core/sensor/PredicateSensor from archive C:\Users\Herta\.gradle\caches\modules-2\files-2.1\maven.modrinth\smartbrainlib\1.16.11\3fb714d6ab54b88b32271825395660999fa0178f\smartbrainlib-1.16.11.jar
INFO:        Loading Class: java/util/function/BiPredicate from module java.base@21.0.12
INFO:  ... done
INFO:  Decompiling class com/cuddly/heartbound/entity/ai/goal/GirlPickupMobDropsGoal
INFO:        Loading Class: net/tslat/smartbrainlib/api/core/sensor/vanilla/HurtBySensor from archive C:\Users\Herta\.gradle\caches\modules-2\files-2.1\maven.modrinth\smartbrainlib\1.16.11\3fb714d6ab54b88b32271825395660999fa0178f\smartbrainlib-1.16.11.jar
INFO:  ... done
INFO:        Loading Class: java/util/Objects from module java.base@21.0.12
INFO:  Decompiling class com/cuddly/heartbound/networking/S2C/OpenCustomizeScreenS2CPacket
INFO:        Loading Class: java/util/Iterator from module java.base@21.0.12
INFO:        Loading Class: java/lang/ClassLoader from module java.base@21.0.12
INFO:        Loading Class: java/io/InputStream from module java.base@21.0.12
INFO:           Loading Class: net/minecraft/item/ArmorItem from archive D:\Project\Heart\Heartbound-Port\analysis\tools\minecraft-named.jar
INFO:        Loading Class: java/nio/charset/StandardCharsets from module java.base@21.0.12
INFO:        Loading Class: net/tslat/smartbrainlib/api/core/BrainActivityGroup from archive C:\Users\Herta\.gradle\caches\modules-2\files-2.1\maven.modrinth\smartbrainlib\1.16.11\3fb714d6ab54b88b32271825395660999fa0178f\smartbrainlib-1.16.11.jar
INFO:        Loading Class: java/util/Arrays from module java.base@21.0.12
INFO:  ... done
INFO:  Decompiling class com/cuddly/heartbound/client/models/JennyModel
INFO:        Loading Class: net/minecraft/entity/ai/brain/task/MultiTickTask from archive D:\Project\Heart\Heartbound-Port\analysis\tools\minecraft-named.jar
INFO:  ... done
INFO:  Decompiling class com/cuddly/heartbound/client/gui/screen/customize/WarmButtonWidget
INFO:        Loading Class: java/io/PrintStream from module java.base@21.0.12
INFO:        Loading Class: java/lang/Exception from module java.base@21.0.12
INFO:        Loading Class: java/lang/Throwable from module java.base@21.0.12
INFO:  ... done
INFO:  Decompiling class com/cuddly/heartbound/client/rendering/layers/BoneOverrideRenderLayer
INFO:  ... done
INFO:  Decompiling class com/cuddly/heartbound/client/rendering/renderers/TransformedPlayerRenderer
INFO:        Loading Class: net/minecraft/entity/ItemEntity from archive D:\Project\Heart\Heartbound-Port\analysis\tools\minecraft-named.jar
INFO:  ... done
INFO:  Decompiling class com/cuddly/heartbound/command/GirlsCommand
INFO:        Loading Class: net/tslat/smartbrainlib/api/core/behaviour/custom/look/LookAtTarget from archive C:\Users\Herta\.gradle\caches\modules-2\files-2.1\maven.modrinth\smartbrainlib\1.16.11\3fb714d6ab54b88b32271825395660999fa0178f\smartbrainlib-1.16.11.jar
INFO:           Loading Class: software/bernie/geckolib/cache/object/BakedGeoModel from archive C:\Users\Herta\.gradle\caches\modules-2\files-2.1\software.bernie.geckolib\geckolib-fabric-1.21.1\4.9.2\b95b1d631baeada54c6773ca8f6ede40d57fea46\geckolib-fabric-1.21.1-4.9.2.jar
INFO:        Loading Class: net/minecraft/entity/ai/brain/task/Task from archive D:\Project\Heart\Heartbound-Port\analysis\tools\minecraft-named.jar
INFO:  ... done
INFO:        Loading Class: net/tslat/smartbrainlib/api/core/behaviour/ExtendedBehaviour from archive C:\Users\Herta\.gradle\caches\modules-2\files-2.1\maven.modrinth\smartbrainlib\1.16.11\3fb714d6ab54b88b32271825395660999fa0178f\smartbrainlib-1.16.11.jar
INFO:  Decompiling class com/cuddly/heartbound/networking/C2S/PlayerStripStartC2SPacket
INFO:        Loading Class: net/tslat/smartbrainlib/api/core/behaviour/custom/move/MoveToWalkTarget from archive C:\Users\Herta\.gradle\caches\modules-2\files-2.1\maven.modrinth\smartbrainlib\1.16.11\3fb714d6ab54b88b32271825395660999fa0178f\smartbrainlib-1.16.11.jar
INFO:        Loading Class: net/minecraft/client/util/Window from archive D:\Project\Heart\Heartbound-Port\analysis\tools\minecraft-named.jar
INFO:           Loading Class: java/util/Set from module java.base@21.0.12
INFO:  ... done
INFO:  Decompiling class com/cuddly/heartbound/jei/FusionRecipe
INFO:  ... done
INFO:        Loading Class: net/tslat/smartbrainlib/api/core/behaviour/FirstApplicableBehaviour from archive C:\Users\Herta\.gradle\caches\modules-2\files-2.1\maven.modrinth\smartbrainlib\1.16.11\3fb714d6ab54b88b32271825395660999fa0178f\smartbrainlib-1.16.11.jar
INFO:  ... done
INFO:  Decompiling class com/cuddly/heartbound/util/Utils
INFO:        Loading Class: net/tslat/smartbrainlib/api/core/behaviour/GroupBehaviour from archive C:\Users\Herta\.gradle\caches\modules-2\files-2.1\maven.modrinth\smartbrainlib\1.16.11\3fb714d6ab54b88b32271825395660999fa0178f\smartbrainlib-1.16.11.jar
INFO:        Loading Class: net/tslat/smartbrainlib/api/core/behaviour/custom/target/SetPlayerLookTarget from archive C:\Users\Herta\.gradle\caches\modules-2\files-2.1\maven.modrinth\smartbrainlib\1.16.11\3fb714d6ab54b88b32271825395660999fa0178f\smartbrainlib-1.16.11.jar
INFO:        Loading Class: net/tslat/smartbrainlib/api/core/behaviour/custom/target/SetRandomLookTarget from archive C:\Users\Herta\.gradle\caches\modules-2\files-2.1\maven.modrinth\smartbrainlib\1.16.11\3fb714d6ab54b88b32271825395660999fa0178f\smartbrainlib-1.16.11.jar
INFO:        Loading Class: net/tslat/smartbrainlib/api/core/behaviour/OneRandomBehaviour from archive C:\Users\Herta\.gradle\caches\modules-2\files-2.1\maven.modrinth\smartbrainlib\1.16.11\3fb714d6ab54b88b32271825395660999fa0178f\smartbrainlib-1.16.11.jar
INFO:        Loading Class: net/tslat/smartbrainlib/api/core/behaviour/custom/path/SetRandomWalkTarget from archive C:\Users\Herta\.gradle\caches\modules-2\files-2.1\maven.modrinth\smartbrainlib\1.16.11\3fb714d6ab54b88b32271825395660999fa0178f\smartbrainlib-1.16.11.jar
INFO:  ... done
INFO:  Decompiling class com/cuddly/heartbound/entity/ai/goal/GirlTrackOwnerAttackerGoal
INFO:        Loading Class: net/tslat/smartbrainlib/api/core/behaviour/custom/misc/Idle from archive C:\Users\Herta\.gradle\caches\modules-2\files-2.1\maven.modrinth\smartbrainlib\1.16.11\3fb714d6ab54b88b32271825395660999fa0178f\smartbrainlib-1.16.11.jar
INFO:        Loading Class: net/minecraft/registry/tag/BlockTags from archive D:\Project\Heart\Heartbound-Port\analysis\tools\minecraft-named.jar
INFO:           Loading Class: java/text/DecimalFormat from module java.base@21.0.12
INFO:           Loading Class: java/util/concurrent/CompletableFuture from module java.base@21.0.12
INFO:  Decompiling class com/cuddly/heartbound/util/json/CustomGirlLoader
INFO:        Loading Class: net/minecraft/component/DataComponentTypes from archive D:\Project\Heart\Heartbound-Port\analysis\tools\minecraft-named.jar
INFO:        Loading Class: net/minecraft/component/type/FoodComponent from archive D:\Project\Heart\Heartbound-Port\analysis\tools\minecraft-named.jar
INFO:           Loading Class: java/text/NumberFormat from module java.base@21.0.12
INFO:        Loading Class: java/nio/file/Files from module java.base@21.0.12
INFO:           Loading Class: java/text/Format from module java.base@21.0.12
INFO:  ... done
INFO:  Decompiling class com/cuddly/heartbound/block/blocks/FusionTableBlock
INFO:        Loading Class: net/minecraft/block/enums/DoubleBlockHalf from archive D:\Project\Heart\Heartbound-Port\analysis\tools\minecraft-named.jar
INFO:        Loading Class: java/nio/file/attribute/FileAttribute from module java.base@21.0.12
INFO:        Loading Class: net/minecraft/state/property/Properties from archive D:\Project\Heart\Heartbound-Port\analysis\tools\minecraft-named.jar
INFO:           Loading Class: java/math/BigDecimal from module java.base@21.0.12
INFO:           Loading Class: java/math/RoundingMode from module java.base@21.0.12
INFO:        Loading Class: net/minecraft/block/entity/BlockEntityTicker from archive D:\Project\Heart\Heartbound-Port\analysis\tools\minecraft-named.jar
INFO:        Loading Class: net/minecraft/block/BlockRenderType from archive D:\Project\Heart\Heartbound-Port\analysis\tools\minecraft-named.jar
INFO:        Loading Class: net/minecraft/server/command/ServerCommandSource from archive D:\Project\Heart\Heartbound-Port\analysis\tools\minecraft-named.jar
INFO:  ... done
INFO:  Decompiling class com/cuddly/heartbound/entity/ai/goal/GirlFollowOwnerGoal
INFO:  ... done
INFO:  Decompiling class com/cuddly/heartbound/client/models/BeeModel
INFO:  ... done
INFO:  Decompiling class com/cuddly/heartbound/networking/HeartboundPackets
INFO:        Loading Class: java/util/HashSet from module java.base@21.0.12
INFO:        Loading Class: java/util/AbstractSet from module java.base@21.0.12
INFO:  ... done
INFO:  Decompiling class com/cuddly/heartbound/block/blocks/MagicalPumpkinBlock
INFO:        Loading Class: java/util/ArrayDeque from module java.base@21.0.12
INFO:        Loading Class: net/minecraft/util/Uuids from archive D:\Project\Heart\Heartbound-Port\analysis\tools\minecraft-named.jar
INFO:        Loading Class: java/util/Queue from module java.base@21.0.12
INFO:        Loading Class: java/util/Deque from module java.base@21.0.12
INFO:        Loading Class: net/minecraft/command/argument/BlockPosArgumentType from archive D:\Project\Heart\Heartbound-Port\analysis\tools\minecraft-named.jar
INFO:        Loading Class: net/minecraft/block/enums/BedPart from archive D:\Project\Heart\Heartbound-Port\analysis\tools\minecraft-named.jar
INFO:  ... done
INFO:           Loading Class: net/minecraft/client/render/item/ItemRenderer from archive D:\Project\Heart\Heartbound-Port\analysis\tools\minecraft-named.jar
INFO:        Loading Class: net/minecraft/sound/SoundEvents from archive D:\Project\Heart\Heartbound-Port\analysis\tools\minecraft-named.jar
INFO:  Decompiling class com/cuddly/heartbound/item/items/MasterRing
INFO:  ... done
INFO:  Decompiling class com/cuddly/heartbound/entity/girls/BiaEntity
INFO:        Loading Class: java/lang/IllegalArgumentException from module java.base@21.0.12
INFO:  ... done
INFO:  Decompiling class com/cuddly/heartbound/freecam/FreecamPosition
INFO:        Loading Class: net/minecraft/entity/EntityPose from archive D:\Project\Heart\Heartbound-Port\analysis\tools\minecraft-named.jar
INFO:        Loading Class: net/minecraft/util/math/RotationAxis from archive D:\Project\Heart\Heartbound-Port\analysis\tools\minecraft-named.jar
INFO:        Loading Class: java/lang/StringBuilder from module java.base@21.0.12
INFO:        Loading Class: net/minecraft/server/world/ServerWorld from archive D:\Project\Heart\Heartbound-Port\analysis\tools\minecraft-named.jar
INFO:        Loading Class: java/lang/Character from module java.base@21.0.12
INFO:        Loading Class: net/fabricmc/fabric/api/networking/v1/PayloadTypeRegistry from archive D:\Project\Heart\Heartbound-Port\analysis\tools\fabric-modules\fabric-networking-api-v1-0.116.15.jar
INFO:        Loading Class: net/minecraft/util/math/ChunkPos from archive D:\Project\Heart\Heartbound-Port\analysis\tools\minecraft-named.jar
INFO:        Loading Class: net/minecraft/world/StructureWorldAccess from archive D:\Project\Heart\Heartbound-Port\analysis\tools\minecraft-named.jar
INFO:        Loading Class: net/minecraft/world/ServerWorldAccess from archive D:\Project\Heart\Heartbound-Port\analysis\tools\minecraft-named.jar
INFO:  ... done
INFO:  Decompiling class com/cuddly/heartbound/screen/FeatureGroup
INFO:        Loading Class: net/minecraft/util/math/Vec2f from archive D:\Project\Heart\Heartbound-Port\analysis\tools\minecraft-named.jar
INFO:  ... done
INFO:        Loading Class: net/minecraft/entity/SpawnReason from archive D:\Project\Heart\Heartbound-Port\analysis\tools\minecraft-named.jar
INFO:  Decompiling class com/cuddly/heartbound/client/rendering/renderers/SlimeRenderer
INFO:  ... done
INFO:  Decompiling class com/cuddly/heartbound/screen/GirlInventoryScreenHandlerFactory
INFO:  ... done
INFO:  ... done
INFO:  Decompiling class com/cuddly/heartbound/entity/ai/goal/GirlMineOresGoal
INFO:  ... done
INFO:  Decompiling class com/cuddly/heartbound/util/json/CustomGirlParser
INFO:  Decompiling class com/cuddly/heartbound/networking/S2C/SceneOptionsS2CPacket
INFO:  ... done
INFO:  Decompiling class com/cuddly/heartbound/entity/ai/goal/GirlDepositItemsGoal
INFO:           Loading Class: net/minecraft/server/MinecraftServer from archive D:\Project\Heart\Heartbound-Port\analysis\tools\minecraft-named.jar
INFO:  ... done
INFO:  Decompiling class com/cuddly/heartbound/config/ModConfig
INFO:        Loading Class: me/shedaniel/autoconfig/annotation/Config from archive C:\Users\Herta\.gradle\caches\modules-2\files-2.1\maven.modrinth\cloth-config\15.0.140+fabric\5d82342a2df53fd6df712bfdd583a811572918a4\cloth-config-15.0.140+fabric.jar
INFO:           Loading Class: net/minecraft/network/QueryableServer from archive D:\Project\Heart\Heartbound-Port\analysis\tools\minecraft-named.jar
INFO:           Loading Class: net/minecraft/server/world/ChunkErrorHandler from archive D:\Project\Heart\Heartbound-Port\analysis\tools\minecraft-named.jar
INFO:        Loading Class: me/shedaniel/autoconfig/serializer/JanksonConfigSerializer from archive C:\Users\Herta\.gradle\caches\modules-2\files-2.1\maven.modrinth\cloth-config\15.0.140+fabric\5d82342a2df53fd6df712bfdd583a811572918a4\cloth-config-15.0.140+fabric.jar
INFO:  ... done
INFO:  ... done
INFO:  Decompiling class com/cuddly/heartbound/screen/FusionTableScreenHandler
INFO:  Decompiling class com/cuddly/heartbound/client/rendering/renderers/BiaRenderer
INFO:        Loading Class: me/shedaniel/autoconfig/ConfigHolder from archive C:\Users\Herta\.gradle\caches\modules-2\files-2.1\maven.modrinth\cloth-config\15.0.140+fabric\5d82342a2df53fd6df712bfdd583a811572918a4\cloth-config-15.0.140+fabric.jar
INFO:        Loading Class: net/minecraft/inventory/SimpleInventory from archive D:\Project\Heart\Heartbound-Port\analysis\tools\minecraft-named.jar
INFO:  ... done
INFO:  Decompiling class com/cuddly/heartbound/config/keys/HoldAction
INFO:  ... done
INFO:        Loading Class: net/minecraft/screen/ScreenHandlerType from archive D:\Project\Heart\Heartbound-Port\analysis\tools\minecraft-named.jar
INFO:  Decompiling class com/cuddly/heartbound/mixins/freecam/EntityRendererMixin
INFO:  ... done
INFO:  Decompiling class com/cuddly/heartbound/util/json/SceneKeyframeEventLoader
INFO:        Loading Class: net/minecraft/resource/SynchronousResourceReloader from archive D:\Project\Heart\Heartbound-Port\analysis\tools\minecraft-named.jar
INFO:        Loading Class: net/minecraft/resource/ResourceReloader from archive D:\Project\Heart\Heartbound-Port\analysis\tools\minecraft-named.jar
INFO:        Loading Class: net/minecraft/resource/Resource from archive D:\Project\Heart\Heartbound-Port\analysis\tools\minecraft-named.jar
INFO:  ... done
INFO:  Decompiling class com/cuddly/heartbound/screen/InventoryButtonAction
INFO:  ... done
INFO:  Decompiling class com/cuddly/heartbound/util/rendering/OffsetVertexConsumer
INFO:  ... done
INFO:  Decompiling class com/cuddly/heartbound/mixins/freecam/LivingEntityMixin
INFO:        Loading Class: net/minecraft/block/pattern/CachedBlockPosition from archive D:\Project\Heart\Heartbound-Port\analysis\tools\minecraft-named.jar
INFO:  ... done
INFO:  Decompiling class com/cuddly/heartbound/client/models/CoppieModel
INFO:  ... done
INFO:  Decompiling class com/cuddly/heartbound/client/ClientUtils
INFO:        Loading Class: net/minecraft/resource/ResourceFactory from archive D:\Project\Heart\Heartbound-Port\analysis\tools\minecraft-named.jar
INFO:  ... done
INFO:  Decompiling class com/cuddly/heartbound/entity/ai/goal/ConditionalGoal
INFO:        Loading Class: net/minecraft/advancement/criterion/SummonedEntityCriterion from archive D:\Project\Heart\Heartbound-Port\analysis\tools\minecraft-named.jar
INFO:  ... done
INFO:  Decompiling class com/cuddly/heartbound/entity/ai/goal/GirlAttackWithOwnerGoal
INFO:  ... done
INFO:  Decompiling class com/cuddly/heartbound/item/items/HeartGuide
INFO:  ... done
INFO:  Decompiling class com/cuddly/heartbound/networking/C2S/RegisterCustomGirlRandomSoundC2SPacket
INFO:  ... done
INFO:  Decompiling class com/cuddly/heartbound/entity/ai/pathing/GirlPathNodeMaker
INFO:        Loading Class: net/minecraft/entity/ai/pathing/PathContext from archive D:\Project\Heart\Heartbound-Port\analysis\tools\minecraft-named.jar
INFO:  ... done
INFO:        Loading Class: net/minecraft/block/pattern/BlockPatternBuilder from archive D:\Project\Heart\Heartbound-Port\analysis\tools\minecraft-named.jar
INFO:  Decompiling class com/cuddly/heartbound/client/rendering/TransformedPlayerRenderManager
INFO:        Loading Class: net/minecraft/predicate/block/BlockStatePredicate from archive D:\Project\Heart\Heartbound-Port\analysis\tools\minecraft-named.jar
INFO:  ... done
INFO:  Decompiling class com/cuddly/heartbound/client/rendering/renderers/BeeRenderer
INFO:  ... done
INFO:  Decompiling class com/cuddly/heartbound/screen/GirlInventoryScreenHandler
INFO:  ... done
INFO:  Decompiling class com/cuddly/heartbound/component/HeartboundDataComponentTypes
INFO:           Loading Class: net/minecraft/nbt/NbtElement from archive D:\Project\Heart\Heartbound-Port\analysis\tools\minecraft-named.jar
INFO:        Loading Class: net/minecraft/entity/player/PlayerInventory from archive D:\Project\Heart\Heartbound-Port\analysis\tools\minecraft-named.jar
INFO:  ... done
INFO:  Decompiling class com/cuddly/heartbound/networking/HeartboundClientPackets
INFO:  ... done
INFO:  Decompiling class com/cuddly/heartbound/command/Commands
INFO:        Loading Class: net/fabricmc/fabric/api/event/Event from archive D:\Project\Heart\Heartbound-Port\analysis\tools\fabric-modules\fabric-api-base-0.116.15.jar
INFO:  ... done
INFO:        Loading Class: net/fabricmc/fabric/api/command/v2/CommandRegistrationCallback from archive D:\Project\Heart\Heartbound-Port\analysis\tools\fabric-modules\fabric-command-api-v2-0.116.15.jar
INFO:  Decompiling class com/cuddly/heartbound/networking/C2S/TransformThrustKeyframeC2SPacket
INFO:              Loading Class: net/minecraft/client/world/ClientWorld from archive D:\Project\Heart\Heartbound-Port\analysis\tools\minecraft-named.jar
INFO:  ... done
INFO:  Decompiling class com/cuddly/heartbound/entity/ai/goal/GirlMeleeAttackGoal
INFO:        Loading Class: java/lang/IllegalStateException from module java.base@21.0.12
INFO:  ... done
INFO:  Decompiling class com/cuddly/heartbound/util/variables/AIMode
INFO:  ... done
INFO:  Decompiling class com/cuddly/heartbound/advancement/criterion/MaxRelationshipCriterion
INFO:  ... done
INFO:  Decompiling class com/cuddly/heartbound/client/models/AlyModel
INFO:  ... done
INFO:  Decompiling class com/cuddly/heartbound/client/gui/screen/GirlSelectionScreen
INFO:  ... done
INFO:  Decompiling class com/cuddly/heartbound/freecam/FreeCamera
INFO:        Loading Class: net/minecraft/sound/SoundCategory from archive D:\Project\Heart\Heartbound-Port\analysis\tools\minecraft-named.jar
INFO:  ... done
INFO:  Decompiling class com/cuddly/heartbound/config/keys/FreecamKeyMapping
INFO:        Loading Class: net/minecraft/client/input/KeyboardInput from archive D:\Project\Heart\Heartbound-Port\analysis\tools\minecraft-named.jar
INFO:  ... done
INFO:  Decompiling class com/cuddly/heartbound/registries/SceneKeyframeEventRegistry
INFO:  ... done
INFO:  Decompiling class com/cuddly/heartbound/config/keys/FreecamKeyMappingBuilder
INFO:  ... done
INFO:  Decompiling class com/cuddly/heartbound/client/models/BiaModel
INFO:  ... done
INFO:  Decompiling class com/cuddly/heartbound/item/HeartboundItemGroups
INFO:        Loading Class: net/fabricmc/fabric/api/itemgroup/v1/FabricItemGroup from archive D:\Project\Heart\Heartbound-Port\analysis\tools\fabric-modules\fabric-item-group-api-v1-0.116.15.jar
INFO:        Loading Class: java/util/Locale from module java.base@21.0.12
INFO:  ... done
INFO:  ... done
INFO:  Decompiling class com/cuddly/heartbound/mixins/transformation/PlayerTransformationMixin
INFO:  Decompiling class com/cuddly/heartbound/entity/ai/goal/StopMovementGoal
INFO:        Loading Class: net/minecraft/item/ItemGroups from archive D:\Project\Heart\Heartbound-Port\analysis\tools\minecraft-named.jar
INFO:  ... done
INFO:  Decompiling class com/cuddly/heartbound/networking/C2S/PlayerStripToggleC2SPacket
INFO:  ... done
INFO:  Decompiling class com/cuddly/heartbound/client/models/KoboldModel
INFO:  ... done
INFO:  Decompiling class com/cuddly/heartbound/registries/InventoryButtonRegistry
INFO:  ... done
INFO:  Decompiling class com/cuddly/heartbound/client/gui/screen/GirlCustomizeScreen
INFO:  ... done
INFO:  ... done
INFO:  Decompiling class com/cuddly/heartbound/config/gui/ModBindingsConfigImpl
INFO:  Decompiling class com/cuddly/heartbound/entity/ai/brain/GirlActivities
INFO:  ... done
INFO:  Decompiling class com/cuddly/heartbound/util/inventory/slot/ExclusiveSlot
INFO:        Loading Class: net/minecraft/block/piston/PistonBehavior from archive D:\Project\Heart\Heartbound-Port\analysis\tools\minecraft-named.jar
INFO:        Loading Class: me/shedaniel/autoconfig/gui/registry/GuiRegistry from archive C:\Users\Herta\.gradle\caches\modules-2\files-2.1\maven.modrinth\cloth-config\15.0.140+fabric\5d82342a2df53fd6df712bfdd583a811572918a4\cloth-config-15.0.140+fabric.jar
INFO:  ... done
INFO:  Decompiling class com/cuddly/heartbound/entity/ai/goal/MoveToPlayerGoal
INFO:        Loading Class: me/shedaniel/autoconfig/gui/registry/api/GuiProvider from archive C:\Users\Herta\.gradle\caches\modules-2\files-2.1\maven.modrinth\cloth-config\15.0.140+fabric\5d82342a2df53fd6df712bfdd583a811572918a4\cloth-config-15.0.140+fabric.jar
INFO:        Loading Class: net/minecraft/registry/tag/FluidTags from archive D:\Project\Heart\Heartbound-Port\analysis\tools\minecraft-named.jar
INFO:           Loading Class: java/lang/reflect/Field from module java.base@21.0.12
INFO:           Loading Class: java/lang/reflect/AccessibleObject from module java.base@21.0.12
INFO:           Loading Class: java/lang/reflect/Member from module java.base@21.0.12
INFO:           Loading Class: java/lang/reflect/AnnotatedElement from module java.base@21.0.12
INFO:           Loading Class: me/shedaniel/clothconfig2/impl/builders/SubCategoryBuilder from archive C:\Users\Herta\.gradle\caches\modules-2\files-2.1\maven.modrinth\cloth-config\15.0.140+fabric\5d82342a2df53fd6df712bfdd583a811572918a4\cloth-config-15.0.140+fabric.jar
INFO:        Loading Class: net/minecraft/component/type/DyedColorComponent from archive D:\Project\Heart\Heartbound-Port\analysis\tools\minecraft-named.jar
INFO:           Loading Class: me/shedaniel/clothconfig2/api/ConfigEntryBuilder from archive C:\Users\Herta\.gradle\caches\modules-2\files-2.1\maven.modrinth\cloth-config\15.0.140+fabric\5d82342a2df53fd6df712bfdd583a811572918a4\cloth-config-15.0.140+fabric.jar
INFO:  ... done
INFO:  ... done
INFO:  Decompiling class com/cuddly/heartbound/networking/C2S/BonePosSyncC2SPacket
INFO:  Decompiling class com/cuddly/heartbound/entity/ai/goal/GirlAttackSwitchGoal
INFO:        Loading Class: me/shedaniel/clothconfig2/impl/builders/KeyCodeBuilder from archive C:\Users\Herta\.gradle\caches\modules-2\files-2.1\maven.modrinth\cloth-config\15.0.140+fabric\5d82342a2df53fd6df712bfdd583a811572918a4\cloth-config-15.0.140+fabric.jar
INFO:        Loading Class: net/minecraft/network/codec/ValueFirstEncoder from archive D:\Project\Heart\Heartbound-Port\analysis\tools\minecraft-named.jar
INFO:        Loading Class: me/shedaniel/clothconfig2/impl/builders/FieldBuilder from archive C:\Users\Herta\.gradle\caches\modules-2\files-2.1\maven.modrinth\cloth-config\15.0.140+fabric\5d82342a2df53fd6df712bfdd583a811572918a4\cloth-config-15.0.140+fabric.jar
INFO:        Loading Class: net/minecraft/client/network/ClientPlayNetworkHandler from archive D:\Project\Heart\Heartbound-Port\analysis\tools\minecraft-named.jar
INFO:        Loading Class: me/shedaniel/clothconfig2/gui/entries/KeyCodeEntry from archive C:\Users\Herta\.gradle\caches\modules-2\files-2.1\maven.modrinth\cloth-config\15.0.140+fabric\5d82342a2df53fd6df712bfdd583a811572918a4\cloth-config-15.0.140+fabric.jar
INFO:        Loading Class: net/minecraft/client/gui/screen/ingame/InventoryScreen from archive D:\Project\Heart\Heartbound-Port\analysis\tools\minecraft-named.jar
INFO:        Loading Class: java/util/stream/Collectors from module java.base@21.0.12
INFO:  ... done
INFO:        Loading Class: net/minecraft/client/network/ClientCommonNetworkHandler from archive D:\Project\Heart\Heartbound-Port\analysis\tools\minecraft-named.jar
INFO:  Decompiling class com/cuddly/heartbound/util/Colors
INFO:        Loading Class: net/minecraft/network/listener/ClientPlayPacketListener from archive D:\Project\Heart\Heartbound-Port\analysis\tools\minecraft-named.jar
INFO:  ... done
INFO:  Decompiling class com/cuddly/heartbound/advancement/criterion/TameGirlCriterion
INFO:        Loading Class: net/minecraft/network/listener/ClientPingResultPacketListener from archive D:\Project\Heart\Heartbound-Port\analysis\tools\minecraft-named.jar
INFO:        Loading Class: net/minecraft/network/listener/PacketListener from archive D:\Project\Heart\Heartbound-Port\analysis\tools\minecraft-named.jar
INFO:        Loading Class: net/minecraft/network/listener/ClientCommonPacketListener from archive D:\Project\Heart\Heartbound-Port\analysis\tools\minecraft-named.jar
INFO:        Loading Class: net/minecraft/network/listener/ClientCookieRequestPacketListener from archive D:\Project\Heart\Heartbound-Port\analysis\tools\minecraft-named.jar
INFO:        Loading Class: net/minecraft/network/listener/ClientPacketListener from archive D:\Project\Heart\Heartbound-Port\analysis\tools\minecraft-named.jar
INFO:        Loading Class: net/minecraft/network/listener/TickablePacketListener from archive D:\Project\Heart\Heartbound-Port\analysis\tools\minecraft-named.jar
INFO:        Loading Class: net/minecraft/network/packet/c2s/play/CloseHandledScreenC2SPacket from archive D:\Project\Heart\Heartbound-Port\analysis\tools\minecraft-named.jar
INFO:        Loading Class: net/minecraft/network/packet/Packet from archive D:\Project\Heart\Heartbound-Port\analysis\tools\minecraft-named.jar
INFO:        Loading Class: java/util/stream/Collector from module java.base@21.0.12
INFO:  ... done
INFO:  Decompiling class com/cuddly/heartbound/advancement/criterion/CaptureLoveBallCriterion
INFO:           Loading Class: net/minecraft/predicate/entity/LootContextPredicateValidator from archive D:\Project\Heart\Heartbound-Port\analysis\tools\minecraft-named.jar
INFO:  ... done
INFO:  Decompiling class com/cuddly/heartbound/mixins/transformation/PlayerEntityRendererMixin
INFO:  ... done
INFO:  Decompiling class com/cuddly/heartbound/advancement/criterion/TransformCriterion
INFO:           Loading Class: net/minecraft/entity/mob/Monster from archive D:\Project\Heart\Heartbound-Port\analysis\tools\minecraft-named.jar
INFO:  ... done
INFO:  Decompiling class com/cuddly/heartbound/transformation/TransformablePlayer
INFO:  ... done
INFO:  Decompiling class com/cuddly/heartbound/mixins/freecam/LightTextureMixin
INFO:  ... done
INFO:  Decompiling class com/cuddly/heartbound/ModMenuIntegration
INFO:        Loading Class: com/terraformersmc/modmenu/api/ConfigScreenFactory from archive C:\Users\Herta\.gradle\caches\modules-2\files-2.1\com.terraformersmc\modmenu\11.0.0\d2b353f3f491ce8029f33cc17b69d80bb465842d\modmenu-11.0.0.jar
INFO:  ... done
INFO:  Decompiling class com/cuddly/heartbound/client/rendering/renderers/EllieRenderer
INFO:  ... done
INFO:  Decompiling class com/cuddly/heartbound/client/gui/screen/FusionTableScreen
INFO:  ... done
INFO:  Decompiling class com/cuddly/heartbound/Heartbound
INFO:  ... done
INFO:  ... done
INFO:  Decompiling class com/cuddly/heartbound/entity/ai/goal/BedGoal
INFO:  Decompiling class com/cuddly/heartbound/transformation/GirlTransformationInfo
INFO:        Loading Class: com/mojang/blaze3d/systems/RenderSystem from archive D:\Project\Heart\Heartbound-Port\analysis\tools\minecraft-named.jar
INFO:  ... done
INFO:  Decompiling class com/cuddly/heartbound/client/models/SlimeModel
INFO:  ... done
INFO:  Decompiling class com/cuddly/heartbound/entity/ai/goal/GirlPickupCropsGoal
INFO:              Loading Class: net/minecraft/server/network/ServerPlayNetworkHandler from archive D:\Project\Heart\Heartbound-Port\analysis\tools\minecraft-named.jar
INFO:  ... done
INFO:  Decompiling class com/cuddly/heartbound/client/gui/screen/ScreenDecorations
INFO:  ... done
INFO:  Decompiling class com/cuddly/heartbound/networking/C2S/TransformRequestC2SPacket
INFO:  ... done
INFO:  Decompiling class com/cuddly/heartbound/freecam/Freecam
INFO:  ... done
INFO:  Decompiling class com/cuddly/heartbound/client/gui/screen/CustomizeScreen
INFO:  ... done
INFO:  Decompiling class com/cuddly/heartbound/mixins/freecam/EntityRenderDispatcherAccessor
INFO:  ... done
INFO:  Decompiling class com/cuddly/heartbound/networking/C2S/GirlCustomizeC2SPacket
INFO:  ... done
INFO:  Decompiling class com/cuddly/heartbound/entity/base/tamable/TameableGirlEntity
INFO:  ... done
INFO:  Decompiling class com/cuddly/heartbound/entity/ai/goal/GirlFarmCropsGoal
INFO:        Loading Class: java/lang/Byte from module java.base@21.0.12
INFO:        Loading Class: net/minecraft/client/world/ClientChunkManager from archive D:\Project\Heart\Heartbound-Port\analysis\tools\minecraft-named.jar
INFO:        Loading Class: net/minecraft/world/chunk/ChunkManager from archive D:\Project\Heart\Heartbound-Port\analysis\tools\minecraft-named.jar
INFO:        Loading Class: net/minecraft/world/chunk/ChunkProvider from archive D:\Project\Heart\Heartbound-Port\analysis\tools\minecraft-named.jar
INFO:        Loading Class: java/util/Comparator from module java.base@21.0.12
INFO:        Loading Class: net/minecraft/client/render/Camera from archive D:\Project\Heart\Heartbound-Port\analysis\tools\minecraft-named.jar
INFO:        Loading Class: java/util/function/ToDoubleFunction from module java.base@21.0.12
INFO:        Loading Class: net/minecraft/client/render/GameRenderer from archive D:\Project\Heart\Heartbound-Port\analysis\tools\minecraft-named.jar
INFO:        Loading Class: net/minecraft/entity/EntityDimensions from archive D:\Project\Heart\Heartbound-Port\analysis\tools\minecraft-named.jar
INFO:        Loading Class: net/minecraft/item/BlockItem from archive D:\Project\Heart\Heartbound-Port\analysis\tools\minecraft-named.jar
INFO:  ... done
INFO:  Decompiling class com/cuddly/heartbound/util/variables/CustomGirlProfile
INFO:  ... done
INFO:  Decompiling class com/cuddly/heartbound/HeartboundClient
INFO:        Loading Class: net/fabricmc/fabric/api/client/rendering/v1/EntityRendererRegistry from archive D:\Project\Heart\Heartbound-Port\analysis\tools\fabric-modules\fabric-rendering-v1-0.116.15.jar
INFO:  ... done
INFO:  Decompiling class com/cuddly/heartbound/client/gui/screen/customize/ButtonGridSection
INFO:  ... done
INFO:  Decompiling class com/cuddly/heartbound/networking/C2S/StopSceneOnServerC2SPacket
INFO:  ... done
INFO:  Decompiling class com/cuddly/heartbound/util/managers/TamedGirlManager
INFO:  ... done
INFO:  Decompiling class com/cuddly/heartbound/util/variables/ScenePhase
INFO:  ... done
INFO:  Decompiling class com/cuddly/heartbound/mixins/freecam/LevelRendererMixin
INFO:           Loading Class: net/minecraft/nbt/NbtOps from archive D:\Project\Heart\Heartbound-Port\analysis\tools\minecraft-named.jar
INFO:  ... done
INFO:  Decompiling class com/cuddly/heartbound/networking/C2S/SoundEventSyncC2SPacket
INFO:        Loading Class: net/minecraft/client/item/ModelPredicateProviderRegistry from archive D:\Project\Heart\Heartbound-Port\analysis\tools\minecraft-named.jar
INFO:        Loading Class: net/minecraft/client/render/RenderTickCounter from archive D:\Project\Heart\Heartbound-Port\analysis\tools\minecraft-named.jar
INFO:        Loading Class: net/minecraft/datafixer/DataFixTypes from archive D:\Project\Heart\Heartbound-Port\analysis\tools\minecraft-named.jar
INFO:        Loading Class: net/minecraft/client/render/BufferBuilderStorage from archive D:\Project\Heart\Heartbound-Port\analysis\tools\minecraft-named.jar
INFO:        Loading Class: net/minecraft/client/item/ClampedModelPredicateProvider from archive D:\Project\Heart\Heartbound-Port\analysis\tools\minecraft-named.jar
INFO:  ... done
INFO:  ... done
INFO:        Loading Class: net/minecraft/world/PersistentStateManager from archive D:\Project\Heart\Heartbound-Port\analysis\tools\minecraft-named.jar
INFO:  Decompiling class com/cuddly/heartbound/block/HeartboundBlocks
INFO:  Decompiling class com/cuddly/heartbound/mixins/freecam/GuiMixin
INFO:  ... done
INFO:  Decompiling class com/cuddly/heartbound/mixins/freecam/CameraMixin
INFO:           Loading Class: net/minecraft/block/MapColor from archive D:\Project\Heart\Heartbound-Port\analysis\tools\minecraft-named.jar
INFO:           Loading Class: net/minecraft/sound/BlockSoundGroup from archive D:\Project\Heart\Heartbound-Port\analysis\tools\minecraft-named.jar
INFO:  ... done
INFO:  Decompiling class com/cuddly/heartbound/networking/C2S/ThrustKeybindC2SPacket
INFO:  ... done
INFO:  Decompiling class com/cuddly/heartbound/util/inventory/slot/TexturedSlot
INFO:  ... done
INFO:  Decompiling class com/cuddly/heartbound/entity/ai/goal/StripGoal
INFO:        Loading Class: net/minecraft/block/enums/CameraSubmersionType from archive D:\Project\Heart\Heartbound-Port\analysis\tools\minecraft-named.jar
INFO:  ... done
INFO:  Decompiling class com/cuddly/heartbound/config/gui/AutoConfigExtensions
INFO:  ... done
INFO:  Decompiling class com/cuddly/heartbound/client/rendering/TransformedPlayerAnimatable
INFO:  ... done
INFO:  Decompiling class com/cuddly/heartbound/entity/ai/goal/GirlChopTreesGoal
INFO:        Loading Class: software/bernie/geckolib/util/GeckoLibUtil from archive C:\Users\Herta\.gradle\caches\modules-2\files-2.1\software.bernie.geckolib\geckolib-fabric-1.21.1\4.9.2\b95b1d631baeada54c6773ca8f6ede40d57fea46\geckolib-fabric-1.21.1-4.9.2.jar
INFO:  ... done
INFO:        Loading Class: software/bernie/geckolib/animatable/instance/AnimatableInstanceCache from archive C:\Users\Herta\.gradle\caches\modules-2\files-2.1\software.bernie.geckolib\geckolib-fabric-1.21.1\4.9.2\b95b1d631baeada54c6773ca8f6ede40d57fea46\geckolib-fabric-1.21.1-4.9.2.jar
INFO:  Decompiling class com/cuddly/heartbound/mixins/freecam/OptionsMixin
INFO:  ... done
INFO:  Decompiling class com/cuddly/heartbound/item/items/LoveBall
INFO:        Loading Class: net/minecraft/entity/damage/DamageTracker from archive D:\Project\Heart\Heartbound-Port\analysis\tools\minecraft-named.jar
INFO:  ... done
INFO:  Decompiling class com/cuddly/heartbound/mixins/freecam/MultiPlayerGameModeMixin
INFO:  ... done
INFO:  ... done
INFO:  Decompiling class com/cuddly/heartbound/advancement/criterion/BreakUpCriterion
INFO:  Decompiling class com/cuddly/heartbound/util/HeartboundMessages
INFO:        Loading Class: net/minecraft/server/PlayerManager from archive D:\Project\Heart\Heartbound-Port\analysis\tools\minecraft-named.jar
INFO:  ... done
INFO:  Decompiling class com/cuddly/heartbound/mixins/transformation/InventoryScreenMixin
INFO:  ... done
INFO:  Decompiling class com/cuddly/heartbound/networking/C2S/TransformRevertC2SPacket
INFO:        Loading Class: software/bernie/geckolib/animation/RawAnimation from archive C:\Users\Herta\.gradle\caches\modules-2\files-2.1\software.bernie.geckolib\geckolib-fabric-1.21.1\4.9.2\b95b1d631baeada54c6773ca8f6ede40d57fea46\geckolib-fabric-1.21.1-4.9.2.jar
INFO:  ... done
INFO:  ... done
INFO:           Loading Class: java/lang/reflect/Type from module java.base@21.0.12
INFO:        Loading Class: software/bernie/geckolib/animation/PlayState from archive C:\Users\Herta\.gradle\caches\modules-2\files-2.1\software.bernie.geckolib\geckolib-fabric-1.21.1\4.9.2\b95b1d631baeada54c6773ca8f6ede40d57fea46\geckolib-fabric-1.21.1-4.9.2.jar
INFO:  Decompiling class com/cuddly/heartbound/client/models/TransformedPlayerModel
INFO:  ... done
INFO:  Decompiling class com/cuddly/heartbound/networking/C2S/SetGUIOpenStateC2SPacket
INFO:  Decompiling class com/cuddly/heartbound/entity/base/GirlEntity
INFO:  ... done
INFO:  Decompiling class com/cuddly/heartbound/networking/C2S/CumKeybindC2SPacket
INFO:  ... done
INFO:        Loading Class: software/bernie/geckolib/cache/GeckoLibCache from archive C:\Users\Herta\.gradle\caches\modules-2\files-2.1\software.bernie.geckolib\geckolib-fabric-1.21.1\4.9.2\b95b1d631baeada54c6773ca8f6ede40d57fea46\geckolib-fabric-1.21.1-4.9.2.jar
INFO:  ... done
INFO:  Decompiling class com/cuddly/heartbound/client/GirlSceneClientHelper
INFO:  Decompiling class com/cuddly/heartbound/client/gui/screen/TransformSceneScreen
INFO:  ... done
INFO:  Decompiling class com/cuddly/heartbound/freecam/tripod/TripodRegistry
INFO:        Loading Class: net/minecraft/world/dimension/DimensionType from archive D:\Project\Heart\Heartbound-Port\analysis\tools\minecraft-named.jar
INFO:  ... done
INFO:  Decompiling class com/cuddly/heartbound/util/EntityFlags
INFO:  ... done
INFO:  Decompiling class com/cuddly/heartbound/config/gui/BoundedContinuousImpl
INFO:              Loading Class: me/shedaniel/autoconfig/util/Utils from archive C:\Users\Herta\.gradle\caches\modules-2\files-2.1\maven.modrinth\cloth-config\15.0.140+fabric\5d82342a2df53fd6df712bfdd583a811572918a4\cloth-config-15.0.140+fabric.jar
INFO:        Loading Class: java/util/EnumMap from module java.base@21.0.12
INFO:  ... done
INFO:  Decompiling class com/cuddly/heartbound/networking/C2S/StartSceneC2SPacket
INFO:  ... done
INFO:  Decompiling class com/cuddly/heartbound/client/rendering/renderers/JennyRenderer
INFO:  ... done
INFO:  Decompiling class com/cuddly/heartbound/entity/ai/goal/GirlSitGoal
INFO:  ... done
INFO:  Decompiling class com/cuddly/heartbound/entity/HeartboundEntities
INFO:  ... done
INFO:  Decompiling class com/cuddly/heartbound/advancement/criterion/FirstLoginCriterion
INFO:        Loading Class: net/minecraft/entity/SpawnGroup from archive D:\Project\Heart\Heartbound-Port\analysis\tools\minecraft-named.jar
INFO:  ... done
INFO:  Decompiling class com/cuddly/heartbound/mixins/freecam/ClientPacketListenerMixin
INFO:           Loading Class: net/fabricmc/fabric/api/object/builder/v1/entity/FabricDefaultAttributeRegistry from archive D:\Project\Heart\Heartbound-Port\analysis\tools\fabric-modules\fabric-object-builder-api-v1-0.116.15.jar
INFO:  ... done
INFO:  Decompiling class com/cuddly/heartbound/util/variables/JiggleBoneConfig
INFO:        Loading Class: net/minecraft/item/SpawnEggItem from archive D:\Project\Heart\Heartbound-Port\analysis\tools\minecraft-named.jar
INFO:  ... done
INFO:  Decompiling class com/cuddly/heartbound/jei/FusionRecipeCategory
INFO:        Loading Class: java/lang/RuntimeException from module java.base@21.0.12
INFO:        Loading Class: mezz/jei/api/recipe/RecipeType from archive C:\Users\Herta\.gradle\caches\modules-2\files-2.1\mezz.jei\jei-1.21.1-fabric\19.43.0.393\34c15afc8c45fdeba3b034e7cae8f14f9fe2426c\jei-1.21.1-fabric-19.43.0.393.jar
INFO:        Loading Class: java/util/concurrent/ThreadLocalRandom from module java.base@21.0.12
INFO:        Loading Class: mezz/jei/api/helpers/IGuiHelper from archive C:\Users\Herta\.gradle\caches\modules-2\files-2.1\mezz.jei\jei-1.21.1-fabric\19.43.0.393\34c15afc8c45fdeba3b034e7cae8f14f9fe2426c\jei-1.21.1-fabric-19.43.0.393.jar
INFO:        Loading Class: mezz/jei/api/constants/VanillaTypes from archive C:\Users\Herta\.gradle\caches\modules-2\files-2.1\mezz.jei\jei-1.21.1-fabric\19.43.0.393\34c15afc8c45fdeba3b034e7cae8f14f9fe2426c\jei-1.21.1-fabric-19.43.0.393.jar
INFO:        Loading Class: mezz/jei/api/ingredients/IIngredientType from archive C:\Users\Herta\.gradle\caches\modules-2\files-2.1\mezz.jei\jei-1.21.1-fabric\19.43.0.393\34c15afc8c45fdeba3b034e7cae8f14f9fe2426c\jei-1.21.1-fabric-19.43.0.393.jar
INFO:        Loading Class: mezz/jei/api/ingredients/IIngredientTypeWithSubtypes from archive C:\Users\Herta\.gradle\caches\modules-2\files-2.1\mezz.jei\jei-1.21.1-fabric\19.43.0.393\34c15afc8c45fdeba3b034e7cae8f14f9fe2426c\jei-1.21.1-fabric-19.43.0.393.jar
INFO:  ... done
INFO:  ... done
INFO:  Decompiling class com/cuddly/heartbound/util/ProfileFactory
INFO:  Decompiling class com/cuddly/heartbound/client/models/CustomGirlModel
INFO:  ... done
INFO:  Decompiling class com/cuddly/heartbound/mixins/bugfix/ScreenHandlerMixin
INFO:  ... done
INFO:  Decompiling class com/cuddly/heartbound/registries/HeartboundHudRegistry
INFO:        Loading Class: mezz/jei/api/gui/builder/IRecipeSlotBuilder from archive C:\Users\Herta\.gradle\caches\modules-2\files-2.1\mezz.jei\jei-1.21.1-fabric\19.43.0.393\34c15afc8c45fdeba3b034e7cae8f14f9fe2426c\jei-1.21.1-fabric-19.43.0.393.jar
INFO:        Loading Class: mezz/jei/api/gui/builder/IIngredientAcceptor from archive C:\Users\Herta\.gradle\caches\modules-2\files-2.1\mezz.jei\jei-1.21.1-fabric\19.43.0.393\34c15afc8c45fdeba3b034e7cae8f14f9fe2426c\jei-1.21.1-fabric-19.43.0.393.jar
INFO:        Loading Class: net/fabricmc/fabric/api/client/rendering/v1/HudRenderCallback from archive D:\Project\Heart\Heartbound-Port\analysis\tools\fabric-modules\fabric-rendering-v1-0.116.15.jar
INFO:        Loading Class: mezz/jei/api/gui/builder/IIngredientConsumer from archive C:\Users\Herta\.gradle\caches\modules-2\files-2.1\mezz.jei\jei-1.21.1-fabric\19.43.0.393\34c15afc8c45fdeba3b034e7cae8f14f9fe2426c\jei-1.21.1-fabric-19.43.0.393.jar
INFO:        Loading Class: mezz/jei/api/gui/placement/IPlaceable from archive C:\Users\Herta\.gradle\caches\modules-2\files-2.1\mezz.jei\jei-1.21.1-fabric\19.43.0.393\34c15afc8c45fdeba3b034e7cae8f14f9fe2426c\jei-1.21.1-fabric-19.43.0.393.jar
INFO:        Loading Class: mezz/jei/api/gui/builder/IRecipeLayoutBuilder from archive C:\Users\Herta\.gradle\caches\modules-2\files-2.1\mezz.jei\jei-1.21.1-fabric\19.43.0.393\34c15afc8c45fdeba3b034e7cae8f14f9fe2426c\jei-1.21.1-fabric-19.43.0.393.jar
INFO:        Loading Class: mezz/jei/api/recipe/RecipeIngredientRole from archive C:\Users\Herta\.gradle\caches\modules-2\files-2.1\mezz.jei\jei-1.21.1-fabric\19.43.0.393\34c15afc8c45fdeba3b034e7cae8f14f9fe2426c\jei-1.21.1-fabric-19.43.0.393.jar
INFO:  ... done
INFO:        Loading Class: java/util/LinkedList from module java.base@21.0.12
INFO:        Loading Class: mezz/jei/api/gui/drawable/IDrawable from archive C:\Users\Herta\.gradle\caches\modules-2\files-2.1\mezz.jei\jei-1.21.1-fabric\19.43.0.393\34c15afc8c45fdeba3b034e7cae8f14f9fe2426c\jei-1.21.1-fabric-19.43.0.393.jar
INFO:        Loading Class: java/util/AbstractSequentialList from module java.base@21.0.12
INFO:        Loading Class: net/minecraft/entity/LimbAnimator from archive D:\Project\Heart\Heartbound-Port\analysis\tools\minecraft-named.jar
INFO:  ... done
INFO:  Decompiling class com/cuddly/heartbound/mixins/freecam/MinecraftMixin
INFO:  Decompiling class com/cuddly/heartbound/config/gui/BoundedContinuous
INFO:  ... done
INFO:  Decompiling class com/cuddly/heartbound/registries/HeartboundSoundEventRegistry
INFO:  ... done
INFO:  Decompiling class com/cuddly/heartbound/mixins/transformation/ServerPlayerRespawnMixin
INFO:  ... done
INFO:  Decompiling class com/cuddly/heartbound/entity/HeartboundEntityStatuses
INFO:  ... done
INFO:  ... done
INFO:  Decompiling class com/cuddly/heartbound/registries/HeartboundScreenHandlerRegistry
INFO:  Decompiling class com/cuddly/heartbound/networking/S2C/ClothingArmorVisibilityS2CPacket
INFO:  ... done
INFO:  Decompiling class com/cuddly/heartbound/entity/base/GirlSceneEntity
INFO:  ... done
INFO:  Decompiling class com/cuddly/heartbound/client/gui/screen/customize/CustomizeSection
INFO:  ... done
INFO:  Decompiling class com/cuddly/heartbound/networking/codec/ExtraPacketCodecs
INFO:  ... done
INFO:  Decompiling class com/cuddly/heartbound/client/models/EllieModel
INFO:           Loading Class: net/minecraft/util/collection/IdList from archive D:\Project\Heart\Heartbound-Port\analysis\tools\minecraft-named.jar
INFO:  ... done
INFO:  Decompiling class com/cuddly/heartbound/client/gui/screen/GirlInventoryScreen
INFO:        Loading Class: net/minecraft/text/TranslatableTextContent from archive D:\Project\Heart\Heartbound-Port\analysis\tools\minecraft-named.jar
INFO:        Loading Class: software/bernie/geckolib/animation/keyframe/event/data/SoundKeyframeData from archive C:\Users\Herta\.gradle\caches\modules-2\files-2.1\software.bernie.geckolib\geckolib-fabric-1.21.1\4.9.2\b95b1d631baeada54c6773ca8f6ede40d57fea46\geckolib-fabric-1.21.1-4.9.2.jar
INFO:        Loading Class: software/bernie/geckolib/animation/keyframe/event/SoundKeyframeEvent from archive C:\Users\Herta\.gradle\caches\modules-2\files-2.1\software.bernie.geckolib\geckolib-fabric-1.21.1\4.9.2\b95b1d631baeada54c6773ca8f6ede40d57fea46\geckolib-fabric-1.21.1-4.9.2.jar
INFO:        Loading Class: net/minecraft/client/sound/SoundManager from archive D:\Project\Heart\Heartbound-Port\analysis\tools\minecraft-named.jar
INFO:        Loading Class: net/minecraft/client/sound/PositionedSoundInstance from archive D:\Project\Heart\Heartbound-Port\analysis\tools\minecraft-named.jar
INFO:  ... done
INFO:  Decompiling class com/cuddly/heartbound/jei/HeartboundJEIPlugin
INFO:        Loading Class: software/bernie/geckolib/animation/state/BoneSnapshot from archive C:\Users\Herta\.gradle\caches\modules-2\files-2.1\software.bernie.geckolib\geckolib-fabric-1.21.1\4.9.2\b95b1d631baeada54c6773ca8f6ede40d57fea46\geckolib-fabric-1.21.1-4.9.2.jar
INFO:        Loading Class: software/bernie/geckolib/animatable/instance/SingletonAnimatableInstanceCache from archive C:\Users\Herta\.gradle\caches\modules-2\files-2.1\software.bernie.geckolib\geckolib-fabric-1.21.1\4.9.2\b95b1d631baeada54c6773ca8f6ede40d57fea46\geckolib-fabric-1.21.1-4.9.2.jar
INFO:        Loading Class: software/bernie/geckolib/cache/object/GeoCube from archive C:\Users\Herta\.gradle\caches\modules-2\files-2.1\software.bernie.geckolib\geckolib-fabric-1.21.1\4.9.2\b95b1d631baeada54c6773ca8f6ede40d57fea46\geckolib-fabric-1.21.1-4.9.2.jar
INFO:        Loading Class: mezz/jei/api/registration/IRecipeCategoryRegistration from archive C:\Users\Herta\.gradle\caches\modules-2\files-2.1\mezz.jei\jei-1.21.1-fabric\19.43.0.393\34c15afc8c45fdeba3b034e7cae8f14f9fe2426c\jei-1.21.1-fabric-19.43.0.393.jar
INFO:        Loading Class: mezz/jei/api/helpers/IJeiHelpers from archive C:\Users\Herta\.gradle\caches\modules-2\files-2.1\mezz.jei\jei-1.21.1-fabric\19.43.0.393\34c15afc8c45fdeba3b034e7cae8f14f9fe2426c\jei-1.21.1-fabric-19.43.0.393.jar
INFO:  ... done
INFO:  Decompiling class com/cuddly/heartbound/util/variables/Scene
INFO:        Loading Class: mezz/jei/api/registration/IRecipeRegistration from archive C:\Users\Herta\.gradle\caches\modules-2\files-2.1\mezz.jei\jei-1.21.1-fabric\19.43.0.393\34c15afc8c45fdeba3b034e7cae8f14f9fe2426c\jei-1.21.1-fabric-19.43.0.393.jar
INFO:        Loading Class: mezz/jei/api/registration/IRecipeCatalystRegistration from archive C:\Users\Herta\.gradle\caches\modules-2\files-2.1\mezz.jei\jei-1.21.1-fabric\19.43.0.393\34c15afc8c45fdeba3b034e7cae8f14f9fe2426c\jei-1.21.1-fabric-19.43.0.393.jar
INFO:  ... done
INFO:  Decompiling class com/cuddly/heartbound/entity/girls/CustomGirlEntity
INFO:  ... done
INFO:  ... done
INFO:  Decompiling class com/cuddly/heartbound/client/rendering/renderers/AbstractGirlRenderer
INFO:  ... done
INFO:  ... done
INFO:  ... done
INFO:        Loading Class: net/minecraft/util/TypeFilter from archive D:\Project\Heart\Heartbound-Port\analysis\tools\minecraft-named.jar
INFO:           Loading Class: java/lang/reflect/ParameterizedType from module java.base@21.0.12
INFO:  ... done
INFO:  ... done
INFO:  ... done
INFO:  ... done
INFO:  ... done
INFO:        Loading Class: net/minecraft/registry/tag/ItemTags from archive D:\Project\Heart\Heartbound-Port\analysis\tools\minecraft-named.jar
INFO:  ... done
INFO:           Loading Class: net/minecraft/block/FenceGateBlock from archive D:\Project\Heart\Heartbound-Port\analysis\tools\minecraft-named.jar
INFO:           Loading Class: net/minecraft/state/property/BooleanProperty from archive D:\Project\Heart\Heartbound-Port\analysis\tools\minecraft-named.jar
INFO:        Loading Class: net/minecraft/entity/projectile/ArrowEntity from archive D:\Project\Heart\Heartbound-Port\analysis\tools\minecraft-named.jar
INFO:        Loading Class: net/minecraft/particle/ParticleTypes from archive D:\Project\Heart\Heartbound-Port\analysis\tools\minecraft-named.jar
INFO:        Loading Class: net/minecraft/particle/ItemStackParticleEffect from archive D:\Project\Heart\Heartbound-Port\analysis\tools\minecraft-named.jar
INFO:        Loading Class: net/minecraft/particle/ParticleType from archive D:\Project\Heart\Heartbound-Port\analysis\tools\minecraft-named.jar
INFO:  ... done
INFO:  ... done
